-1.72409618180791,-0.901612015524165,-0.983885803405782,-0.778367447381911,-0.955393227226756,-0.716028889095007,-0.817947270391207,-0.0741284703501889,-0.542906318775555,-0.829213154382026,-0.0877242536722529,-0.638673766689443,-1.23280561333048
-1.80321588622038,-0.193004774098158,0.761359127352775,0.231153725418477,-0.893255486677836,-0.932620970502761,-0.162463721206886,-0.135719889528779,-0.542906318775555,0.292339005646879,-0.599798844486358,0.102463197826524,-0.0207725487960451
-1.80321588622038,-0.911488074638116,-1.56563411365863,-1.74399639527794,-0.619849428262588,-0.450211334640036,-0.0844299653516101,0.0490543680069935,0.151558382567749,0.740959869658442,-1.18015004740901,-1.72567464797953,-1.78372973357341
-1.48673706857048,0.236603797358723,0.761359127352775,-0.251660748529536,0.125803458324452,-0.597887753781686,0.227705058069495,0.151706733304645,-0.542906318775555,-0.156281858364682,0.0488289705448412,0.349508852665179,-0.0207725487960451
-1.64497647739543,0.217674684056983,0.37352692051754,-1.56842749566048,-0.433436206615828,0.741045113102608,0.336952316266882,0.788151398150086,1.58389182908831,0.740959869658442,-0.0194476415637046,-0.490446373786249,-0.571696669038973
-1.64497647739543,1.18882049692886,1.73093964444086,0.450614849940301,0.461347257288621,0.189719814973781,1.25775063535914,1.36300464381694,1.4970837414204,1.93728217368927,1.17539307033587,0.942418424277954,0.64033639549547
-1.48673706857048,0.0966929599110797,-0.208221389735312,-0.690582997573183,0.535912545947324,-0.174548685575623,0.0872442975299966,-0.197311308707371,-0.108865880435991,-0.0815117143627565,-0.121862559726527,-0.441037242818517,-0.571696669038973
-1.56585677298296,-0.0901291583278323,0.858317179061583,-0.0760918489120772,-0.147602600090796,-0.391140766983377,-0.412171739943771,0.131176260245115,0.368578601737531,0.142798717643025,-0.599798844486358,0.151872328794255,0.64033639549547
-1.56585677298296,0.470337196388905,1.44006548931444,0.0555848258010189,0.0139555253363974,-0.981846443549978,0.024817292845777,0.726559978971494,-0.108865880435991,0.591419581654588,1.24366968244442,1.18946407911661,-0.0207725487960451
-1.72409618180791,0.740282812170241,1.24614938589682,1.81127382197561,-0.147602600090796,-0.381295672373934,0.680300842030095,0.767620925090555,1.36687160991853,1.48866130967771,1.1412547642816,0.645963638471566,1.08107569168981
-1.48673706857048,0.292568132337781,1.63398159273205,0.231153725418477,0.0885208139951008,-0.873550402846101,-0.240497477062162,0.0695848410665241,0.498790733239403,1.63820159768156,0.185382194761935,0.349508852665179,0.309781923349712
-1.40761736415801,1.4036247826573,2.21572990298491,0.626183749557759,0.349499324300564,-0.154858496356736,1.24214388418808,1.404065589936,0.28177051406962,2.16159260569505,1.68746766114998,0.744781900407028,0.86070604359264
-1.01201884209563,0.0777638466093405,-0.305179441444121,0.187261500514112,0.150658554544021,-0.0859428340906335,0.649087339687986,0.829212344269146,-0.108865880435991,-1.12829373038973,0.0829672765991154,-0.0457641950766682,-0.571696669038973
-1.17025825092058,1.00199837868995,0.37352692051754,0.626183749557759,0.411637064849484,0.918256816072588,1.38260464472758,1.36300464381694,1.28006352225062,0.51664943765266,1.58505274298716,1.43650973395526,0.64033639549547
-0.774659728858208,0.348532467316838,-0.305179441444121,1.10899822350577,0.0636657177755324,0.386621707162648,0.0560307951878857,1.97891883560285,0.194962426401706,0.0680285736410997,1.31194629455297,0.893009293310222,-0.0207725487960451
-0.774659728858208,-0.584755118951561,-1.66259216536744,-0.690582997573183,-0.209740340639716,0.032198301222687,-0.0844299653516101,0.767620925090555,0.0647502948998378,-0.97875344238588,-0.394969008160715,-1.13276507636675,-1.45317526142766
-0.853779433270683,0.647283255513866,0.276568868808731,0.406722625035936,0.138231006434237,0.386621707162648,0.851975104911704,1.11663896710257,0.976235215412921,0.0680285736410997,1.34608460060724,1.04123668621342,-1.01243596523331
-1.01201884209563,1.15096227032538,0.276568868808731,1.81127382197561,0.846601248691924,0.494917747866525,1.1328966259907,1.54777890135271,0.629002864741271,1.04004044566615,2.02885072169271,1.43650973395526,1.1912605157384
-1.32849765974553,0.199568575681406,-0.983885803405782,0.0116926008966535,0.747180863813653,-0.2828447262795,0.414986072122158,0.99345612874539,0.0647502948998378,-0.0815117143627565,1.68746766114998,0.893009293310222,0.309781923349712
-0.932899137683158,1.24478483190792,1.24614938589682,0.889537098983948,0.672615575154949,0.790270586149825,1.4450316494118,1.32194369769787,0.88942712774501,0.740959869658442,1.6533293550957,0.695372769439298,-0.0207725487960451
-1.32849765974553,0.0217995116302825,-0.886927751696973,0.494507074844666,0.312216679971212,0.337396234115432,0.805154851398539,0.849742817328677,-0.239078011937859,-0.67967286637817,0.0829672765991154,0.79419103137476,0.199597099301125
-1.32849765974553,0.825052319564989,-0.208221389735312,1.46013602274069,1.31884807686372,0.622903977789288,0.789548100227482,0.829212344269146,0.88942712774501,1.18958073367,0.253658806870484,2.02941930556804,1.85236946002991
-1.09113854650811,-1.42422014363742,-0.789969699988164,-1.7878886201823,-1.83774914302142,-1.58239721472602,-0.802340519220152,-0.402616039302675,-1.41098719545468,-0.604902722376245,-1.48739480189747,-1.37981073120541,-1.67354490952483
-1.01201884209563,-1.10736324706482,-0.111263338026503,-1.08561302171247,-1.75075630625293,-1.22797380878606,-0.989621533272813,-0.915877865790933,-1.02035080094907,-0.67967286637817,-0.838766986866273,-0.98453768346356,-1.23280561333048
-1.32849765974553,-1.01354068548228,-0.983885803405782,-1.52453527075611,-1.31579212241049,-1.59224230933547,-0.615059505167489,-0.197311308707371,-1.32417910778677,-0.0815117143627565,-0.394969008160715,-0.342218980883055,-0.681881493087556
-1.40761736415801,-0.715612902211415,0.470484972226349,-0.997828571903734,-1.3903574110692,-1.25750909261439,-0.505812246970102,-0.895347392731403,-0.803330581779292,-0.380592290370463,-0.804628680812,-0.243400718947594,-0.571696669038973
-0.853779433270683,-1.75095309932398,-1.08084385511459,-0.778367447381911,-1.51463289216704,-1.759608917696,-2.25376837812829,-1.5728530036959,-1.67141145845842,-1.20306387439166,-1.21428835346328,-0.836310290560366,-1.893914557622
-1.09113854650811,-1.13534541455435,-1.08084385511459,0.36283040013157,-0.421008658506043,-0.37145057776449,-0.786733768049096,-0.382085566243144,-1.10715888861699,-1.50214445039937,-1.04359682319192,-1.03394681443129,-1.34299043737907
-1.40761736415801,-1.68593571015713,-2.14738242391149,-0.690582997573183,-0.90568303478762,-1.8285245799621,-1.75435234065452,-1.90134057264839,-1.75821954612634,-1.27783401839359,-0.599798844486358,-0.391628111850787,-1.1226207892819
-1.24937795533306,-0.659648567232358,-0.499095544861738,-0.558906322860087,-0.421008658506043,-0.883395497455544,-0.162463721206886,-0.0946589434097195,-1.41098719545468,-0.305822146368535,-0.736352068703452,-0.98453768346356,-0.681881493087556
-1.24937795533306,-0.677754675607935,0.37352692051754,-0.295552973433901,-0.90568303478762,-0.784944551361111,0.134064551043162,-0.176780835647841,0.108154338733792,-1.12829373038973,-0.736352068703452,-1.13276507636675,-0.351327020941803
-1.40761736415801,-0.388879946524859,0.37352692051754,0.0555848258010189,-0.96782077533654,-1.31657966027105,-0.817947270391207,-0.423146512362205,-1.02035080094907,1.11481058966808,-1.11187343530046,0.645963638471566,0.64033639549547
-0.299941502383358,1.49662433931368,0.276568868808731,0.801752649175218,1.35613072119307,0.790270586149825,1.33578439121442,1.58883984747177,2.45197270576744,1.63820159768156,1.7898825793128,1.38710060298753,0.530151571446883
-0.299941502383358,2.56982276302972,1.24614938589682,1.81127382197561,2.01479077101162,2.27687987217577,2.55311098255672,2.43058924291251,2.06133631126183,2.46067318170276,1.72160596720425,1.48591886492299,1.63199981193274
0.333016132916442,0.498319363878434,-2.05042437220268,0.187261500514112,2.20120399265838,2.03075250693969,2.19415570562245,0.521255248376191,-0.108865880435991,-0.829213154382026,-0.0877242536722529,0.547145376536105,-1.34299043737907
-0.379061206795833,0.890069708731835,-0.111263338026503,0.231153725418477,0.709898219484301,0.829650964587599,1.00804261662226,0.849742817328677,0.585598820907314,-0.305822146368535,0.970563234010231,0.942418424277954,0.86070604359264
0.412135837328917,0.684318477191183,-0.789969699988164,1.81127382197561,0.598050286496244,0.622903977789288,0.789548100227482,1.36300464381694,1.28006352225062,1.26435087767193,0.321935418979032,0.893009293310222,1.30144533978698
0.412135837328917,0.918051876221364,-1.27475995853221,0.977321548792679,1.74138471259637,1.53849777646752,0.430592823293212,0.398072410019008,1.10644734691479,1.26435087767193,0.629180173467494,1.14005494814888,0.0894122752525421
0.016537315266542,3.14839522612204,-0.596053596570547,2.29408829592362,3.41910370741722,3.32045990077677,4.03575234380697,2.69748539268641,0.455386689405446,2.68498361370854,1.41436121271579,1.98001017460031,3.50514182075869
0.253896428503967,1.44066000433462,-0.111263338026503,-0.295552973433901,1.55497149094961,1.84369570936026,2.24097595913562,1.71202268582895,1.01963925924688,1.48866130967771,1.51677613087861,0.547145376536105,0.199597099301125
-0.299941502383358,1.25383788609571,0.470484972226349,1.54792047254942,0.722325767594084,1.16438418130867,0.976829114280146,1.15769991322163,0.715810952409185,-0.0067415703608284,1.20953137639014,1.38710060298753,0.64033639549547
-0.458180911208308,-1.98468649835416,-0.886927751696973,-2.84130201788705,-1.94959707600948,-1.62177759316379,-1.80117259416769,-1.92187104570792,-1.67141145845842,-1.50214445039937,-2.1018843108744,-2.76326639830188,-2.33465385381634
-0.141702093558408,-0.528790783972503,1.14919133418801,-0.997828571903734,-0.520429043384316,-1.08029738964441,-0.396564988772715,-0.197311308707371,-0.152269924269945,0.292339005646879,-0.872905292920547,-0.638673766689443,0.0894122752525421
-0.379061206795833,-1.67688265596934,-1.08084385511459,-1.91956529489539,-1.56434308460617,-1.84821476918099,-1.75435234065452,-1.24436543474342,-1.75821954612634,-0.380592290370463,-1.48739480189747,-1.23158333830222,-1.01243596523331
0.016537315266542,-1.59211314857459,-0.693011648279356,-2.27070309413031,-1.05481361210503,-0.893240592064987,-1.45782406840447,-1.51126158451731,-1.1939669762849,-1.80122502640708,-1.18015004740901,-1.57744725507633,-2.11428420571917
0.174776724091492,-1.90073999588557,-1.37171801024102,-1.74399639527794,-2.1608653938758,-2.17310289129262,-1.95724010587824,-1.79868820735074,-1.80162358996029,-0.829213154382026,-1.86291616849448,-1.42921986217314,-1.56336008547624
0.174776724091492,-0.752648123888732,0.761359127352775,-1.34896637113865,-1.31579212241049,-0.568352469953357,-0.224890725891108,-1.38807874616013,-0.586310362609509,-0.455362434372391,-2.13602261692867,-1.42921986217314,-1.01243596523331
-0.379061206795833,-1.4620783702409,-0.499095544861738,-1.61231972056484,-1.44006760350833,-1.43472079558437,-1.36418356137814,-1.6344444228745,-1.58460337079051,-1.50214445039937,-1.89705447454876,-1.28099246926995,-1.1226207892819
0.491255541741392,-1.53614881359554,-0.983885803405782,-0.646690772668818,-1.37792986295941,-1.03107191659719,-1.66071183362819,-2.06558435712463,-2.10545189679799,-1.20306387439166,-0.90704359897482,-1.33040160023768,-1.45317526142766
0.333016132916442,-0.957576350503222,1.24614938589682,-1.26118192132992,-0.930538131007188,-1.26735418722384,-1.27054305435181,-1.38807874616013,-0.412694187273684,-0.305822146368535,2.13126563985553,-0.638673766689443,0.309781923349712
-0.220821797970883,-1.57400704019902,-1.08084385511459,-0.0760918489120772,-1.63890837326488,-1.4642560794127,-1.73874558948347,-1.53179205757684,-1.58460337079051,-0.380592290370463,-1.55567141400602,-0.589264635721711,0.309781923349712
0.728614654978817,0.731229757982452,0.664401075643966,0.845644874079583,0.846601248691924,0.741045113102608,-0.0220029606673905,-0.443676985421734,-0.239078011937859,-0.754443010380098,1.24366968244442,0.744781900407028,0.750521219544053
1.04509347262872,0.11562207321282,-0.886927751696973,0.494507074844666,-0.0978924076516593,0.721354923883721,0.430592823293212,0.562316194495252,0.455386689405446,-0.380592290370463,0.287797112924758,-0.193991587979862,0.309781923349712
1.36157229027862,0.853034487054518,-0.305179441444121,1.10899822350577,1.3312756249735,1.15453908669923,0.945615611938035,0.50072477531666,0.542194777073357,-0.23105200236661,1.85815919142135,1.09064581718115,1.08107569168981
0.728614654978817,0.899122762919624,0.179610817099923,1.10899822350577,1.81595000125508,1.26283512740311,-0.427778491114826,-0.0535979972906582,-0.239078011937859,-0.380592290370463,-0.224277477889347,0.0530540668587937,-0.0207725487960451
1.28245258586614,0.0497816791198115,-1.75955021707625,0.187261500514112,0.498629901617973,0.573678504742071,-0.0220029606673905,0.254359098602297,-0.369290143439727,-0.0815117143627565,0.765733397684588,0.448327114600643,0.309781923349712
1.36157229027862,1.4036247826573,1.14919133418801,1.50402824764505,1.43069600985177,1.21360965435589,0.524233330319543,0.4596638291976,1.01963925924688,0.0680285736410997,1.34608460060724,1.53532799589073,2.18292393217567
0.886854063803767,0.0127464574424939,-0.693011648279356,-1.0417207968081,0.262506487532078,0.219255098802111,0.165278053385273,0.315950517780887,-0.239078011937859,-0.67967286637817,0.0829672765991154,0.547145376536105,0.0894122752525421
0.728614654978817,0.554283698857491,-0.0143052863176948,0.0116926008966535,0.846601248691924,0.977327383729249,-0.0532164630094992,0.336480990840418,0.368578601737531,0.441879293650735,0.151243888707664,0.596554507503835,0.970890867641228
1.28245258586614,-0.0152357100470351,-1.27475995853221,-0.251660748529536,0.560767642166893,0.711509829274279,-0.00639620949633389,0.295420044721357,0.672406908575228,-0.23105200236661,0.458488643196126,0.151872328794255,0.64033639549547
0.965973768216242,1.01105143287774,-0.111263338026503,0.933429323888314,0.560767642166893,1.28252531662199,1.33578439121442,1.15769991322163,1.14985139074875,1.26435087767193,1.03883984611878,1.18946407911661,0.199597099301125
0.807734359391292,0.189692516567455,-1.08084385511459,1.28456712312323,0.274934035641861,0.770580396930938,0.695907593201152,1.11663896710257,0.715810952409185,-0.23105200236661,0.868148315847408,0.695372769439298,0.530151571446883
0.728614654978817,-1.00448763129449,0.179610817099923,-1.0417207968081,-1.34064721863006,-0.84401511901777,-0.911587777417537,-0.895347392731403,-1.06375484478303,-0.97875344238588,-0.90704359897482,-0.638673766689443,-0.90225114118473
0.807734359391292,-0.883505907148587,0.470484972226349,-0.471121873051359,-0.669559620701723,-0.578197564562801,-1.2393295520097,-1.03906070414812,-1.36758315162073,-1.12829373038973,0.185382194761935,-0.638673766689443,0.530151571446883
0.728614654978817,-0.864576793846847,-0.40213749315293,-0.20776852362517,-1.42764005539855,-1.38549532253715,-0.568239251654324,-0.690042662136099,-0.499502274941598,-0.455362434372391,0.117105582653389,-0.292809849915324,-0.130957372844628
0.807734359391292,-0.80861245886779,0.470484972226349,-0.734475222477548,-0.793835101799563,-0.775099456751668,-0.849160772733318,-1.67550536899356,-0.499502274941598,-1.05352358638781,-1.69222463822311,-0.786901159592635,-1.01243596523331
1.36157229027862,-0.406986054900436,0.470484972226349,-1.08561302171247,-0.396153562286476,-0.0957879287000763,-0.193677223548997,-0.566859823778917,0.0213462510658807,-0.455362434372391,-0.258415783943621,-0.688082897657173,0.4199667473983
0.807734359391292,-1.18225669534561,-0.596053596570547,0.318938175227208,-1.52706044027682,-0.952311159721648,-0.661879758680654,-0.0946589434097195,-0.412694187273684,-1.05352358638781,-0.668075456594905,-0.688082897657173,0.0894122752525421
0.886854063803767,-0.659648567232358,1.34310743760563,-0.690582997573183,-0.893255486677836,-0.942466065112204,-0.537025749312213,-1.32648732698154,-0.456098231107641,0.0680285736410997,-0.872905292920547,-0.688082897657173,-0.0207725487960451
0.807734359391292,-1.99373955254195,-2.43825657903791,-2.09513419451285,-1.62648082515509,-1.62177759316379,-1.73874558948347,-1.73709678817215,-1.36758315162073,-2.92277718643598,-1.00945851713764,-1.47862899314087,-1.45317526142766
1.28245258586614,-1.32216753279326,-1.75955021707625,-0.646690772668818,-0.918110582897403,-0.903085686674431,-1.05204853795704,-0.792695027433751,-1.45439123928864,-1.5769145944013,-0.975320211083368,-0.836310290560366,-1.56336008547624
0.965973768216242,-0.593808173139349,-0.305179441444121,0.318938175227208,-1.14180644887352,-1.34611494409938,-0.849160772733318,-0.546329350719386,0.498790733239403,0.890500157662295,-0.702213762649179,0.250690590729717,-0.130957372844628
1.91541022116594,-0.0242887642348238,-0.693011648279356,0.318938175227208,0.150658554544021,0.248790382630441,-0.224890725891108,-0.895347392731403,-0.108865880435991,-0.903983298383952,-0.497383926323536,-1.47862899314087,0.64033639549547
2.86484667411564,-0.640719453930618,-0.0143052863176948,-0.0760918489120772,-0.545284139603883,0.288170761068215,-0.0688232141805557,-1.20330448862436,-0.456098231107641,-1.12829373038973,-0.292554089997895,-0.935128552495828,0.0894122752525421
1.67805110792852,-0.267075217452793,-0.40213749315293,-0.251660748529536,0.237651391312509,0.603213788570401,0.0716375463589423,-0.587390296838447,0.325174557903574,-0.23105200236661,-0.668075456594905,0.00364493589106186,0.86070604359264
1.75717081234099,-0.54689689234808,-0.983885803405782,0.187261500514112,-0.383726014176691,0.327551139505987,-0.412171739943771,-0.936408338850464,-0.152269924269945,0.51664943765266,-0.975320211083368,-0.737492028624904,0.86070604359264
1.51981169910357,-1.05139891208576,-1.1778019068234,0.0555848258010189,-0.458291302835396,-0.34191529393616,-0.44338524228588,-0.936408338850464,-0.239078011937859,-0.754443010380098,-0.804628680812,-1.72567464797953,-0.571696669038973
1.51981169910357,0.442355028899376,0.955275230770392,0.582291524653394,0.287361583751644,0.524453031694854,-0.0220029606673905,-0.0946589434097195,0.194962426401706,-0.0067415703608284,0.69745678557604,0.448327114600643,0.86070604359264
1.99452992557842,-0.286004330754533,-0.111263338026503,0.318938175227208,0.125803458324452,0.238945288020998,-0.73991351453593,-0.690042662136099,-0.890138669447206,0.81573001366037,-0.360830702106442,-0.688082897657173,1.08107569168981
2.15276933440337,-0.388879946524859,-0.40213749315293,0.231153725418477,0.0760932658853175,0.721354923883721,-0.552632500483267,-0.628451242957509,-0.846734625613249,-0.754443010380098,-0.872905292920547,-1.18217420733448,-0.241142196893215
2.15276933440337,-0.771577237190473,-1.1778019068234,-0.119984073816439,-0.408581110396259,-0.430521145421151,-0.44338524228588,-0.443676985421734,-0.369290143439727,-0.903983298383952,0.117105582653389,-0.342218980883055,0.64033639549547
1.51981169910357,-0.687630734721887,-1.75955021707625,-0.646690772668818,0.436492161069053,-0.154858496356736,-0.927194528588594,-0.320494147064554,0.411982645571488,0.217568861644953,-1.04359682319192,-0.144582457012132,-0.130957372844628
0.095657019679017,-0.0621469908383033,0.858317179061583,0.0116926008966535,-0.433436206615828,-0.63726813221946,-0.0688232141805557,0.336480990840418,-0.0654618366020334,0.591419581654588,-0.702213762649179,0.300099721697449,0.64033639549547
0.253896428503967,-0.0901291583278323,1.0522332824792,-0.558906322860087,-0.508001495274531,-0.588042659172244,-0.224890725891108,0.213298152483236,0.585598820907314,1.04004044566615,-1.18015004740901,0.448327114600643,0.530151571446883
0.095657019679017,-0.0522709317243516,-0.111263338026503,-0.339445198338263,-0.135175051981011,0.3078609502871,0.383772569780047,-0.217841781766902,-0.152269924269945,-0.380592290370463,-1.07773512924619,-0.490446373786249,-0.571696669038973
-0.062582389145933,0.0497816791198115,-0.305179441444121,0.538399299749032,0.138231006434237,0.0715786796604609,0.134064551043162,-0.0946589434097195,0.498790733239403,0.0680285736410997,-0.292554089997895,-0.144582457012132,0.64033639549547
0.174776724091492,-0.490932557369023,0.0826527653911139,-0.20776852362517,-0.445863754725611,-0.922775875893318,-0.677486509851709,-0.505268404600326,-0.108865880435991,-0.67967286637817,-0.736352068703452,-0.243400718947594,0.199597099301125
0.095657019679017,0.526301531367962,0.567443023935157,0.0116926008966535,0.722325767594084,0.494917747866525,0.134064551043162,-0.0946589434097195,0.846023083911053,1.11481058966808,0.356073725033304,0.448327114600643,0.970890867641228
0.174776724091492,0.217674684056983,1.63398159273205,-0.295552973433901,-0.147602600090796,-0.361605483155047,0.258918560411606,-0.402616039302675,0.455386689405446,1.18958073367,-0.668075456594905,-0.391628111850787,-0.461511844990386
-0.537300615620783,0.386390693920319,1.14919133418801,-0.20776852362517,-0.209740340639716,-0.0859428340906335,0.414986072122158,0.254359098602297,0.368578601737531,-0.0815117143627565,-0.224277477889347,0.695372769439298,0.309781923349712
0.412135837328917,-0.593808173139349,-1.46867606194983,0.318938175227208,-0.172457696310363,-0.568352469953357,-0.552632500483267,0.562316194495252,0.325174557903574,0.217568861644953,-0.565660538432083,-0.441037242818517,-0.0207725487960451
0.095657019679017,-0.817665513055579,-0.789969699988164,-0.910044122095007,-0.706842265031076,-0.420676050811706,-1.08326204029915,-0.956938811909993,-0.542906318775555,-0.829213154382026,-0.224277477889347,-0.589264635721711,-0.0207725487960451
0.174776724091492,0.694194536305134,0.664401075643966,0.889537098983948,0.834173700582141,0.150339436536007,0.617873837345876,0.685499032852434,0.194962426401706,-0.530132578374317,1.03883984611878,1.09064581718115,0.0894122752525421
0.333016132916442,0.750158871284192,1.24614938589682,0.933429323888314,0.709898219484301,0.248790382630441,0.305738813924771,-0.0741284703501889,0.368578601737531,-0.530132578374317,-0.0194476415637046,1.14005494814888,0.4199667473983
0.253896428503967,-0.174075660796418,0.664401075643966,-0.427229648146994,-0.209740340639716,-0.0465624556528595,-0.224890725891108,-0.0125370511715984,-0.0654618366020334,-0.455362434372391,-1.48739480189747,-1.23158333830222,-1.34299043737907
-0.299941502383358,-0.211110882473736,0.37352692051754,-0.734475222477548,-0.508001495274531,-0.322225104717273,-0.224890725891108,0.131176260245115,-0.0654618366020334,0.142798717643025,-0.429107314214989,0.250690590729717,0.199597099301125
0.333016132916442,0.684318477191183,1.34310743760563,1.1967826733145,0.337071776190781,0.298015855677658,0.290132062753714,-0.0535979972906582,0.542194777073357,1.78774188568542,-0.429107314214989,0.79419103137476,1.63199981193274
-0.141702093558408,-0.0522709317243516,-0.40213749315293,0.71396819936649,0.399209516739701,0.603213788570401,-0.0376097118384448,0.0285238949474628,-1.06375484478303,-0.754443010380098,-0.736352068703452,-0.737492028624904,-0.571696669038973
-0.141702093558408,-0.481879503181235,-0.693011648279356,-3.01687091750451,-0.955393227226756,-0.509281902296697,-0.490205495799048,-0.956938811909993,0.194962426401706,1.33912102167386,-0.429107314214989,0.349508852665179,0.64033639549547
-0.141702093558408,0.815176260451038,1.24614938589682,0.275045950322843,0.548340094057109,1.01670776216702,0.602267086174819,0.377541936959479,0.325174557903574,0.367109149648807,-0.599798844486358,-0.0951733260444,-0.130957372844628
0.570375246153867,0.927104930409153,1.53702354102324,1.76738159707124,1.14486240332674,0.898566626853701,0.149671302214218,-0.73110360825516,0.0647502948998378,0.292339005646879,0.970563234010231,0.448327114600643,0.970890867641228
-0.141702093558408,0.582265866347019,2.02181379956729,0.231153725418477,1.15728995143652,-0.37145057776449,0.36816581860899,-0.382085566243144,0.629002864741271,1.33912102167386,0.970563234010231,0.991827555245684,1.08107569168981
-0.379061206795833,-0.369950833223119,-0.40213749315293,-1.65621194546921,-0.371298466066908,-0.0170271718245298,0.134064551043162,-0.382085566243144,-0.759926537945338,-0.156281858364682,-0.0535859476179787,-1.33040160023768,-1.01243596523331
-0.141702093558408,-0.286004330754533,-0.693011648279356,-0.339445198338263,-0.557711687713668,-0.184393780185067,-0.0688232141805557,0.521255248376191,-0.239078011937859,-0.530132578374317,0.356073725033304,-0.243400718947594,-0.130957372844628
-0.141702093558408,0.180639462379667,-0.111263338026503,-0.383337423242629,0.896311441131061,1.23329984357478,0.508626579148488,0.890803763447738,0.629002864741271,0.441879293650735,0.424350337141852,-0.441037242818517,-0.90225114118473
0.174776724091492,-0.00618265585924646,-0.111263338026503,0.977321548792679,-0.135175051981011,0.248790382630441,-0.178070472377943,0.603377140614312,-0.195673968103902,0.666189725656513,1.03883984611878,1.18946407911661,1.74218463598133
-0.220821797970883,-0.574879059837609,-0.0143052863176948,-1.1733974715212,-0.90568303478762,-0.2828447262795,0.00921054167472045,0.43913335613807,-0.325886099605773,-0.829213154382026,-0.53152223237781,-0.539855504753979,-0.90225114118473
0.253896428503967,-0.118111325817361,0.567443023935157,0.0116926008966535,-0.0108995708831709,-0.00718207721508559,-0.34974473525955,-0.0125370511715984,-0.195673968103902,-0.903983298383952,-0.1560008657808,-0.688082897657173,-0.792066317136143
-0.379061206795833,-0.761701178076521,-0.40213749315293,-0.734475222477548,-0.470718850945179,-0.578197564562801,-1.11447554264126,-0.71057313519563,-0.97694675711512,-0.67967286637817,-0.838766986866273,-1.18217420733448,-1.01243596523331
0.253896428503967,-0.0432178775365629,0.955275230770392,-0.515014097955725,-0.594994332043019,-0.243464347841726,-0.00639620949633389,-0.11518941646925,-0.0654618366020334,-0.156281858364682,-0.804628680812,-0.342218980883055,-0.130957372844628
0.491255541741392,0.0217995116302825,0.664401075643966,1.3284593480276,-0.197312792529931,-0.243464347841726,-0.521418998141156,-0.525798877659857,0.108154338733792,0.217568861644953,0.390212031087578,0.547145376536105,1.41163016383557
-0.379061206795833,0.470337196388905,1.44006548931444,0.143369275609746,-0.669559620701723,-0.00718207721508559,0.711514344372206,1.07557802098351,1.10644734691479,1.33912102167386,0.458488643196126,0.398917983632911,0.309781923349712
-0.062582389145933,0.33947941312905,0.761359127352775,0.0116926008966535,0.125803458324452,-0.48959171307781,0.196491555727384,-0.176780835647841,0.28177051406962,1.11481058966808,-0.0535859476179787,-0.0457641950766682,-0.241142196893215
0.570375246153867,1.04890965948122,1.63398159273205,1.24067489821887,0.436492161069053,0.662284356227062,0.680300842030095,-0.176780835647841,0.325174557903574,1.18958073367,0.560903561358946,1.23887321008434,1.41163016383557
-0.062582389145933,0.255532910660464,0.470484972226349,0.670075974462125,-0.197312792529931,0.553988315523184,0.258918560411606,-0.464207458481265,0.846023083911053,0.142798717643025,0.253658806870484,0.448327114600643,0.199597099301125
-0.379061206795833,-0.677754675607935,-0.596053596570547,-0.471121873051359,-0.184885244420148,-0.903085686674431,-0.34974473525955,0.233828625542766,0.0647502948998378,-0.305822146368535,0.731595091630314,-0.342218980883055,-0.681881493087556
0.174776724091492,-1.00448763129449,-1.37171801024102,-0.471121873051359,-0.8435452942387,-0.627423037610018,-0.70870001219382,-0.258902727885962,-0.890138669447206,-0.67967286637817,-0.565660538432083,-0.589264635721711,-0.681881493087556
0.412135837328917,-0.649772508118406,-1.46867606194983,-0.119984073816439,-0.234595436859283,-0.824324929798884,-0.895981026246483,-0.176780835647841,-0.846734625613249,0.367109149648807,0.731595091630314,0.250690590729717,-0.241142196893215
0.095657019679017,-0.425915168202177,-1.27475995853221,-0.602798547764452,0.0263830734461807,-0.253309442451169,0.0404240440168314,0.274889571661828,-1.10715888861699,-0.829213154382026,1.1412547642816,0.744781900407028,-0.681881493087556
-0.220821797970883,-0.0341648233487743,-0.596053596570547,0.406722625035936,-0.259450533078851,-0.0367173610434167,-0.193677223548997,0.274889571661828,-0.759926537945338,-0.604902722376245,0.526765255304672,0.79419103137476,-1.1226207892819
-0.141702093558408,-0.976505463804962,-0.983885803405782,-0.20776852362517,-0.607421880152803,-1.42487570097493,-1.02083503561492,-1.20330448862436,-1.1939669762849,-1.65168473840322,0.560903561358946,-0.243400718947594,-0.90225114118473
-0.379061206795833,0.516425472254011,1.14919133418801,0.801752649175218,0.386781968629918,0.101113963488791,-0.0376097118384448,0.480194302257131,0.194962426401706,-0.903983298383952,0.356073725033304,0.448327114600643,-0.130957372844628
-0.220821797970883,-0.490932557369023,-0.208221389735312,0.143369275609746,-0.570139235823451,-0.538817186125027,-0.302924481746384,-0.402616039302675,-0.716522494111381,-0.604902722376245,-0.224277477889347,-0.441037242818517,-0.571696669038973
0.333016132916442,-0.248969109077215,0.470484972226349,-1.08561302171247,-0.371298466066908,-0.233619253232284,-0.615059505167489,-0.484737931540796,0.0647502948998378,0.142798717643025,-1.62394802611457,-1.08335594539902,-0.681881493087556
-0.379061206795833,-0.267075217452793,0.0826527653911139,-0.734475222477548,-0.768980005579996,-0.213929064013397,-0.100036716522667,0.192767679423705,-0.0220577927680764,-0.0067415703608284,-0.360830702106442,-0.144582457012132,-1.23280561333048
0.174776724091492,0.694194536305134,1.14919133418801,-0.0760918489120772,0.349499324300564,0.721354923883721,0.539840081490599,0.377541936959479,-0.195673968103902,-0.305822146368535,0.424350337141852,-0.0457641950766682,-0.351327020941803
0.412135837328917,-0.799559404680002,-1.37171801024102,-0.0760918489120772,-0.0481822152125226,-0.302534915498386,-1.16129579615442,-0.669512189076569,-1.28077506395281,-1.875995170409,0.458488643196126,0.300099721697449,-1.01243596523331
-0.299941502383358,-0.379003887410908,-0.305179441444121,-0.646690772668818,-0.296733177408203,-0.51912699690614,-0.209283974720052,-0.690042662136099,-0.716522494111381,-0.0067415703608284,0.59504186741322,0.547145376536105,-0.130957372844628
-0.062582389145933,0.283515078149993,-0.208221389735312,-0.0760918489120772,0.473774805398404,0.849341153806484,0.36816581860899,-0.0946589434097195,-0.282482055771816,-0.23105200236661,-0.463245620269263,0.0530540668587937,-0.681881493087556
-0.458180911208308,-0.434968222389965,0.179610817099923,-0.427229648146994,-0.980248323446323,-0.627423037610018,-0.6462730075096,-0.11518941646925,-1.06375484478303,-0.455362434372391,0.151243888707664,-0.193991587979862,-1.23280561333048
-0.141702093558408,0.348532467316838,1.44006548931444,-0.119984073816439,-0.371298466066908,0.603213788570401,0.134064551043162,0.870273290388207,0.28177051406962,0.591419581654588,0.69745678557604,-0.144582457012132,-0.571696669038973
-0.379061206795833,-0.379003887410908,0.37352692051754,-1.61231972056484,-0.309160725517988,-0.391140766983377,-0.224890725891108,-0.258902727885962,-0.0654618366020334,-0.380592290370463,-0.190139171835074,-0.638673766689443,-0.681881493087556
0.333016132916442,1.28182005358524,1.82789769614967,1.24067489821887,0.486202353508189,1.39082135732587,1.24214388418808,1.46565700911459,1.71410396059018,1.11481058966808,1.10711645822732,0.547145376536105,0.530151571446883
-0.379061206795833,-0.0621469908383033,0.276568868808731,-0.251660748529536,-0.271878081188636,0.0617335850510167,0.290132062753714,-0.0535979972906582,0.455386689405446,-1.05352358638781,-0.497383926323536,-0.391628111850787,-1.78372973357341
-0.379061206795833,-0.193004774098158,-0.305179441444121,-0.646690772668818,-0.160030148200579,0.0518884904415739,-0.0688232141805557,0.213298152483236,-0.152269924269945,-0.754443010380098,-0.0877242536722529,-0.0951733260444,-0.461511844990386
0.570375246153867,-0.425915168202177,-0.983885803405782,-0.20776852362517,0.237651391312509,-0.145013401747293,-0.131250218864775,-0.464207458481265,-0.803330581779292,-0.530132578374317,-0.224277477889347,-0.589264635721711,-0.351327020941803
-1.72409618180791,-0.696683788909676,0.761359127352775,-1.08561302171247,-1.0796687083246,-1.51348155245992,-0.911587777417537,-0.669512189076569,-1.06375484478303,-0.23105200236661,-0.599798844486358,-0.737492028624904,-0.0207725487960451
-1.72409618180791,0.363346555987766,2.79747821323776,0.0116926008966535,-0.520429043384316,-0.706183794485564,0.430592823293212,-0.0535979972906582,-0.412694187273684,0.142798717643025,-0.1560008657808,0.497736245568373,0.0894122752525421
-1.64497647739543,-0.836594626357318,0.179610817099923,-0.997828571903734,-1.00510341966589,-1.04091701120664,-0.693093261022765,-0.607920769897978,-0.890138669447206,-0.754443010380098,0.424350337141852,-0.193991587979862,-1.01243596523331
-1.64497647739543,1.12298010283585,0.955275230770392,0.538399299749032,0.150658554544021,0.652439261617618,1.61670591229341,2.43058924291251,2.14814439892975,1.63820159768156,1.31194629455297,0.79419103137476,0.530151571446883
-1.56585677298296,1.04890965948122,-0.208221389735312,1.28456712312323,1.2567103363148,0.790270586149825,1.00804261662226,1.85573599724566,0.976235215412921,1.18958073367,0.356073725033304,0.497736245568373,0.199597099301125
-1.56585677298296,-1.29418536530373,0.858317179061583,-1.21728969642556,-1.05481361210503,-1.57255212011658,-1.19250929849653,-1.53179205757684,-1.23737102011886,-0.754443010380098,-2.20429922903722,-1.72567464797953,-1.45317526142766
-1.48673706857048,1.66451734425085,-0.0143052863176948,1.15289044841014,1.65439187582788,1.41051154654476,2.20976245679351,1.69149221276942,1.8009120482581,1.26435087767193,1.27780798849869,0.84360016234249,0.199597099301125
-1.48673706857048,-0.976505463804962,-0.499095544861738,-1.12950524661683,-0.980248323446323,-1.4642560794127,-0.974014782101759,-0.505268404600326,-1.15056293245095,-1.95076531441093,-0.224277477889347,0.151872328794255,-0.461511844990386
-1.48673706857048,2.36489453641523,1.63398159273205,1.67959714726251,0.933594085460413,1.02655285677647,2.28779621264879,2.77960728492453,2.14814439892975,1.56343145367964,2.13126563985553,2.52351061524535,1.52181498788416
-1.40761736415801,-1.21023886283514,0.761359127352775,-1.70010417037357,-1.52706044027682,-1.93682062066598,-1.34857681020709,-1.18277401556483,-0.759926537945338,0.591419581654588,-1.52153310795175,-1.18217420733448,-0.90225114118473
-1.40761736415801,-0.80861245886779,-1.1778019068234,-0.0321996240077118,-0.8435452942387,-0.420676050811706,-0.70870001219382,-0.525798877659857,-0.499502274941598,-0.156281858364682,-0.565660538432083,-0.193991587979862,-0.351327020941803
-1.40761736415801,0.815176260451038,1.24614938589682,0.0994770507053842,0.038810621555964,0.750890207712051,0.820761602569593,0.562316194495252,0.629002864741271,1.41389116567578,0.4926269492504,0.250690590729717,1.30144533978698
-1.32849765974553,-0.258022163265004,1.92485574785848,-1.0417207968081,-1.0796687083246,-0.883395497455544,-0.224890725891108,-0.423146512362205,-0.325886099605773,-0.97875344238588,-0.0194476415637046,-0.490446373786249,-0.571696669038973
-1.32849765974553,1.02092749199169,-0.499095544861738,0.231153725418477,0.598050286496244,1.23329984357478,1.03925611896437,1.89679694336472,0.629002864741271,1.63820159768156,1.0047015400645,0.991827555245684,0.970890867641228
-1.32849765974553,0.152657294890138,0.761359127352775,-0.427229648146994,-0.284305629298419,-0.16470359096618,0.430592823293212,0.295420044721357,-0.0220577927680764,1.48866130967771,-0.224277477889347,-0.342218980883055,0.4199667473983
-1.17025825092058,-1.56413098108506,-0.596053596570547,-0.910044122095007,-1.50220534405725,-1.56270702550714,-1.5514645754308,-1.90134057264839,-1.62800741462447,-0.903983298383952,-1.79463955638594,3.06701105589039,-1.45317526142766
-1.09113854650811,-0.0432178775365629,0.470484972226349,-0.778367447381911,0.038810621555964,-0.00718207721508559,-0.0688232141805557,0.00799342188793221,0.194962426401706,1.18958073367,-0.736352068703452,-0.243400718947594,-0.0207725487960451
-1.09113854650811,-1.01354068548228,0.761359127352775,-1.30507414623429,-0.8435452942387,-1.10983267347274,-1.28614980552286,-1.40860921921966,-0.846734625613249,-1.50214445039937,-1.79463955638594,-1.18217420733448,-1.893914557622
-0.932899137683158,0.656336309701655,1.0522332824792,0.231153725418477,0.374354420520133,0.3078609502871,0.836368353740648,0.418602883078539,0.88942712774501,1.48866130967771,-0.326692396052168,0.250690590729717,0.970890867641228
-0.932899137683158,0.217674684056983,-0.596053596570547,1.1967826733145,-0.234595436859283,-0.0367173610434167,0.586660335003765,0.952395182626328,-0.542906318775555,0.367109149648807,0.424350337141852,0.942418424277954,1.63199981193274
-0.853779433270683,-1.43409620275137,0.0826527653911139,-0.866151897190641,-1.44006760350833,-0.893240592064987,-1.58267807777291,-1.42913969227919,-1.28077506395281,-1.95076531441093,-1.35084157768038,-1.23158333830222,-1.893914557622
-0.853779433270683,1.50567739350147,0.664401075643966,0.670075974462125,1.31884807686372,1.33175078966921,1.41381814706969,0.911334236507267,1.4970837414204,0.292339005646879,0.59504186741322,1.23887321008434,0.309781923349712
-0.774659728858208,1.44066000433462,1.34310743760563,1.10899822350577,0.834173700582141,0.258635477239884,0.742727846714317,1.11663896710257,1.1932554345827,1.93728217368927,1.41436121271579,2.47410148427762,1.30144533978698
-0.774659728858208,-0.453897335691706,-0.886927751696973,0.231153725418477,-0.209740340639716,-0.204083969403953,-0.6462730075096,-0.792695027433751,-1.8884316776282,-0.829213154382026,-0.702213762649179,0.00364493589106186,-0.571696669038973
-0.774659728858208,1.7295347334177,0.761359127352775,2.60133387025417,0.921166537350629,0.780425491540382,1.10168312364859,0.808681871209615,1.36687160991853,1.18958073367,1.68746766114998,2.17764669847123,1.74218463598133
-0.774659728858208,1.86039251667755,-0.305179441444121,1.06510599860141,1.75381226070616,2.3064151560041,1.89762743337241,3.08756438081749,0.88942712774501,0.740959869658442,1.31194629455297,1.53532799589073,0.64033639549547
-0.774659728858208,-0.211110882473736,-0.305179441444121,-0.163876298720805,-0.209740340639716,-0.16470359096618,-0.256104228233219,0.151706733304645,0.238366470235663,0.292339005646879,0.0829672765991154,0.547145376536105,-0.90225114118473
-0.774659728858208,-0.976505463804962,-0.983885803405782,-0.427229648146994,-1.06724116021481,-1.04091701120664,-1.08326204029915,-0.956938811909993,-1.02035080094907,-0.67967286637817,-0.633937150540632,-0.638673766689443,-0.571696669038973
-0.774659728858208,-1.96575738505242,-1.85650826878506,-1.74399639527794,-1.24122683375179,-1.72022853925823,-1.64510508245713,-1.92187104570792,-1.62800741462447,-0.754443010380098,-2.54568228957996,-1.37981073120541,-1.45317526142766
-0.774659728858208,-0.0432178775365629,0.276568868808731,0.187261500514112,-0.0357546671027393,-0.213929064013397,-0.162463721206886,-0.320494147064554,-0.542906318775555,-0.455362434372391,-0.429107314214989,0.00364493589106186,-0.571696669038973
-0.695540024445733,-0.0802530992138806,0.470484972226349,0.318938175227208,-0.321588273627771,-0.213929064013397,0.024817292845777,-0.0330675242311276,-0.369290143439727,-1.12829373038973,0.0488289705448412,-0.144582457012132,-0.461511844990386
-0.695540024445733,1.80442818169849,0.567443023935157,1.54792047254942,1.80352245314529,1.60741343873362,2.28779621264879,2.01997978172191,1.67069991675623,0.740959869658442,1.07297815217305,-3.80085814862423,2.07273910812708
-0.616420320033258,-1.23822103032467,-0.40213749315293,-0.866151897190641,-0.495573947164748,-1.28704437644272,-1.64510508245713,-1.86027962652933,-1.62800741462447,-0.604902722376245,-0.429107314214989,-0.885719421528098,-1.45317526142766
-0.616420320033258,-1.02341674459623,-1.27475995853221,-1.1733974715212,-1.01753096777568,-0.912930781283874,-0.521418998141156,0.131176260245115,-0.195673968103902,-0.754443010380098,-0.258415783943621,-1.03394681443129,-1.67354490952483
-0.616420320033258,2.34596542311349,0.470484972226349,1.81127382197561,2.28819682942687,1.75508985787527,2.20976245679351,2.14316262007909,1.75750800442414,1.33912102167386,0.731595091630314,0.398917983632911,0.199597099301125
-0.537300615620783,0.330426358941261,-0.40213749315293,0.0116926008966535,0.237651391312509,0.0223532066132442,0.336952316266882,1.09610849404304,0.411982645571488,1.26435087767193,0.868148315847408,0.79419103137476,-0.130957372844628
-0.458180911208308,2.10317896989552,1.63398159273205,2.11851939630616,1.08272466277782,1.18407437052756,1.5854924099513,2.0815712009005,1.97452822359392,2.08682246169313,2.33609547618118,1.88119191266484,1.85236946002991
-0.458180911208308,1.52460650680321,1.53702354102324,0.889537098983948,0.958449181679981,1.193919465137,1.56988565878024,1.79414457806707,1.84431609209205,0.81573001366037,1.1412547642816,0.151872328794255,0.86070604359264
-0.379061206795833,-1.21929191702293,-1.1778019068234,-1.08561302171247,-0.65713207259194,-0.873550402846101,-1.27054305435181,-1.08012165026718,-1.02035080094907,-0.903983298383952,-0.292554089997895,-0.193991587979862,-1.1226207892819
-0.379061206795833,-0.715612902211415,-0.208221389735312,-1.1733974715212,-1.05481361210503,-0.558507375343914,-0.568239251654324,-0.279433200945492,0.368578601737531,-0.23105200236661,-0.770490374757726,-1.13276507636675,-0.90225114118473
-0.379061206795833,-0.295057384942321,1.53702354102324,-0.119984073816439,-0.234595436859283,-0.204083969403953,-0.661879758680654,-0.813225500493281,0.151558382567749,-0.455362434372391,-0.599798844486358,0.102463197826524,-0.571696669038973
-0.379061206795833,-0.406986054900436,0.470484972226349,0.626183749557759,-1.40278495917898,-0.863705308236657,-0.256104228233219,-0.423146512362205,0.498790733239403,-0.305822146368535,0.219520500816209,0.300099721697449,-0.0207725487960451
-0.299941502383358,2.02828552161472,1.53702354102324,1.72348937216688,2.07692851156054,1.65663891178084,1.41381814706969,1.71202268582895,1.1932554345827,1.26435087767193,1.68746766114998,1.53532799589073,1.9625542840785
-0.299941502383358,1.19787355111665,0.664401075643966,0.231153725418477,0.821746152472358,0.632749072398732,0.680300842030095,0.849742817328677,0.542194777073357,0.367109149648807,1.41436121271579,0.84360016234249,0.970890867641228
-0.299941502383358,0.890069708731835,0.858317179061583,1.24067489821887,1.04544201844847,0.544143220913741,0.321345565095825,0.706029505911964,1.1932554345827,1.33912102167386,1.48263782482434,1.83178278169711,0.64033639549547
-0.299941502383358,0.245656851546512,-0.789969699988164,0.0116926008966535,0.324644228080998,0.859186248415929,0.524233330319543,0.43913335613807,0.802619040077096,-0.0815117143627565,0.390212031087578,0.250690590729717,0.309781923349712
-0.299941502383358,-0.948523296315433,-0.40213749315293,-0.690582997573183,-1.16666154509308,-1.1689032411294,-1.16129579615442,-1.03906070414812,-0.97694675711512,-0.903983298383952,-0.90704359897482,-0.688082897657173,-0.351327020941803
-0.220821797970883,2.45789409307161,2.21572990298491,1.67959714726251,1.79109490503551,2.08982307459635,1.97566118922768,1.87626647030519,2.79920505643909,1.86251202968735,1.6533293550957,1.23887321008434,1.85236946002991
-0.220821797970883,0.563336753045279,0.0826527653911139,1.1967826733145,0.511057449727758,0.16018453114545,0.461806325635323,0.254359098602297,0.0213462510658807,1.26435087767193,0.59504186741322,0.695372769439298,0.530151571446883
-0.220821797970883,1.7295347334177,1.73093964444086,0.231153725418477,0.734753315703869,1.30221550584088,1.88202068220135,1.21929133240022,2.06133631126183,2.23636274969698,0.4926269492504,0.596554507503835,0.309781923349712
-0.220821797970883,-0.584755118951561,0.955275230770392,-1.12950524661683,-1.06724116021481,-0.676648510657234,-0.505812246970102,0.172237206364176,0.151558382567749,-0.455362434372391,-0.190139171835074,-0.786901159592635,-1.23280561333048
-0.220821797970883,0.0596577382337632,-0.789969699988164,0.231153725418477,0.100948362104884,0.406311896381534,0.134064551043162,0.357011463899949,-0.0654618366020334,0.81573001366037,0.219520500816209,0.547145376536105,0.64033639549547
-0.220821797970883,-0.82754157216953,-0.499095544861738,-1.08561302171247,-0.371298466066908,-0.63726813221946,-0.552632500483267,-0.341024620124083,0.0213462510658807,0.740959869658442,-0.360830702106442,-0.688082897657173,-0.90225114118473
-0.220821797970883,-0.388879946524859,0.470484972226349,-0.646690772668818,-1.09209625643438,-0.272999631670056,0.196491555727384,0.603377140614312,-0.239078011937859,-0.530132578374317,-0.497383926323536,-0.441037242818517,-1.45317526142766
-0.220821797970883,-0.416862114014388,0.955275230770392,-0.163876298720805,-0.8435452942387,-1.42487570097493,-0.115643467693721,-0.382085566243144,0.629002864741271,-0.380592290370463,-0.565660538432083,0.645963638471566,0.309781923349712
-0.141702093558408,-0.286004330754533,-1.08084385511459,-0.251660748529536,0.361926872410349,-0.272999631670056,-0.864767523904372,-0.176780835647841,0.194962426401706,0.81573001366037,0.526765255304672,0.0530540668587937,0.64033639549547
-0.141702093558408,-0.00618265585924646,-0.0143052863176948,-0.0760918489120772,0.237651391312509,-0.322225104717273,-0.0844299653516101,0.172237206364176,0.28177051406962,0.591419581654588,-0.190139171835074,-0.144582457012132,0.4199667473983
-0.141702093558408,-1.06045196627355,-0.40213749315293,-1.21728969642556,-1.20394418942244,-0.66680341604779,-0.44338524228588,-0.792695027433751,-1.23737102011886,-0.754443010380098,-0.975320211083368,-1.03394681443129,-0.90225114118473
-0.141702093558408,0.825052319564989,0.470484972226349,-0.0321996240077118,0.796891056252789,1.04624304599535,0.898795358424869,1.93785788948378,-0.108865880435991,0.51664943765266,-0.0535859476179787,0.102463197826524,0.530151571446883
-0.062582389145933,0.208621629869194,1.44006548931444,-0.0321996240077118,0.00152797722661238,-0.332070199326717,0.446199574464267,0.254359098602297,0.194962426401706,0.740959869658442,0.219520500816209,0.250690590729717,0.199597099301125
-0.062582389145933,1.66451734425085,-0.208221389735312,1.28456712312323,2.58645798406168,2.10951326381523,1.14850337716175,0.849742817328677,0.759214996243139,-0.903983298383952,0.868148315847408,0.991827555245684,-0.90225114118473
-0.062582389145933,1.1328561619498,1.0522332824792,1.72348937216688,0.598050286496244,0.376776612553204,0.352559067437936,0.808681871209615,0.542194777073357,0.81573001366037,1.72160596720425,-2.76326639830188,1.30144533978698
-0.062582389145933,-0.462950389879494,-1.85650826878506,0.494507074844666,-0.023327118992956,0.140494341926565,0.0560307951878857,-0.0946589434097195,-0.412694187273684,-1.20306387439166,0.287797112924758,0.398917983632911,-1.01243596523331
0.174776724091492,0.619301088024337,0.858317179061583,0.977321548792679,0.237651391312509,0.869031343025371,0.305738813924771,0.274889571661828,0.368578601737531,0.217568861644953,1.51677613087861,1.43650973395526,0.199597099301125
0.174776724091492,-0.668701621420147,-0.0143052863176948,-0.866151897190641,-0.122747503871228,-0.84401511901777,-1.2393295520097,-1.30595685392201,-1.02035080094907,-0.380592290370463,-0.292554089997895,-0.589264635721711,-0.571696669038973
0.174776724091492,-0.696683788909676,0.179610817099923,-1.52453527075611,-0.980248323446323,-0.794789645970553,-0.895981026246483,-0.690042662136099,-0.152269924269945,-0.305822146368535,-1.11187343530046,-1.23158333830222,-0.681881493087556
0.333016132916442,-1.41516708944963,-0.886927751696973,-0.953936346999372,-1.19151664131265,-1.28704437644272,-1.67631858479924,-1.69603584205309,-1.54119932695655,-0.97875344238588,-0.463245620269263,0.0530540668587937,-0.90225114118473
0.333016132916442,1.41267783684509,1.63398159273205,0.977321548792679,1.84080509747464,1.13484889748034,1.4450316494118,0.890803763447738,0.759214996243139,0.142798717643025,1.55091443693288,1.14005494814888,0.750521219544053
0.333016132916442,-0.379003887410908,0.567443023935157,0.143369275609746,-0.309160725517988,-0.272999631670056,-0.100036716522667,-0.628451242957509,0.108154338733792,-0.0067415703608284,-0.941181905029094,-0.391628111850787,0.4199667473983
0.412135837328917,0.610248033836548,0.179610817099923,0.450614849940301,0.361926872410349,0.504762842475967,0.695907593201152,0.131176260245115,1.01963925924688,1.86251202968735,0.151243888707664,0.645963638471566,0.86070604359264
0.412135837328917,-0.211110882473736,1.0522332824792,-0.251660748529536,-0.259450533078851,-0.479746618468367,-0.568239251654324,-0.464207458481265,-0.195673968103902,-0.903983298383952,-1.24842665951756,-0.98453768346356,-0.241142196893215
0.491255541741392,1.51555345261542,-2.43825657903791,1.41624379783633,2.36276211808557,2.91681102178959,2.0380881939119,0.644438086733373,-0.716522494111381,0.441879293650735,0.834010009793137,0.201281459761987,0.199597099301125
0.491255541741392,-1.08843413376308,-0.208221389735312,-1.39285859604302,-0.992675871556108,-1.11967776808218,-0.537025749312213,-1.14171306944577,-0.890138669447206,-1.12829373038973,-0.326692396052168,-1.18217420733448,-0.461511844990386
0.491255541741392,-0.892558961336376,-0.111263338026503,-0.471121873051359,-0.930538131007188,-1.08029738964441,-0.833554021562261,-0.956938811909993,0.194962426401706,-0.305822146368535,-1.62394802611457,-1.37981073120541,0.4199667473983
0.570375246153867,0.77814103877372,0.567443023935157,0.626183749557759,0.747180863813653,0.741045113102608,0.820761602569593,0.931864709566798,0.28177051406962,-0.0815117143627565,1.17539307033587,0.84360016234249,1.08107569168981
0.649494950566342,-0.892558961336376,-0.40213749315293,-0.163876298720805,-0.855972842348483,-0.37145057776449,-0.817947270391207,-1.1622435425053,-1.02035080094907,-0.754443010380098,-1.28256496557183,-1.47862899314087,-1.23280561333048
0.728614654978817,-0.939470242127644,0.0826527653911139,0.231153725418477,-0.222167888749499,-0.0662526448717465,-0.552632500483267,-0.341024620124083,-0.195673968103902,0.666189725656513,-0.292554089997895,0.596554507503835,0.750521219544053
0.728614654978817,1.92623291077056,0.761359127352775,1.98684272159307,2.37518966619536,1.76493495248472,0.898795358424869,0.99345612874539,1.8009120482581,2.98406418971625,2.09712733380126,1.63414625782619,1.52181498788416
0.728614654978817,-0.621790340628877,-1.08084385511459,-0.251660748529536,-0.818690198019131,-0.479746618468367,-0.6462730075096,0.0695848410665241,0.715810952409185,0.292339005646879,-1.48739480189747,-0.836310290560366,-0.461511844990386
0.807734359391292,-1.35014970028279,-1.1778019068234,-1.21728969642556,-1.00510341966589,-0.952311159721648,-1.22372280083864,-1.01853023108858,-1.45439123928864,-0.380592290370463,-0.975320211083368,-0.935128552495828,-1.34299043737907
0.807734359391292,0.0497816791198115,-0.596053596570547,1.37235157293196,0.759608411923438,0.278325666458771,-0.240497477062162,-0.402616039302675,-0.629714406443466,-0.903983298383952,0.629180173467494,1.18946407911661,1.08107569168981
0.807734359391292,-1.93777521756289,-1.37171801024102,-2.00734974470413,-1.48977779594747,-1.40518551175604,-1.91041985236507,-1.75762726123168,-2.40928020363568,-2.47415632242442,-2.37499075930859,-3.30676683894692,-2.6652083259621
0.807734359391292,-0.332915611545802,-0.789969699988164,-0.339445198338263,0.113375910214669,-0.13516830713785,-0.412171739943771,-0.566859823778917,-0.0220577927680764,-0.305822146368535,0.390212031087578,0.300099721697449,0.64033639549547
0.807734359391292,0.750158871284192,1.53702354102324,0.143369275609746,0.560767642166893,0.416156990990978,1.07046962130648,0.952395182626328,1.75750800442414,0.292339005646879,0.321935418979032,0.645963638471566,0.199597099301125
0.886854063803767,-0.146093493306889,-0.305179441444121,0.0555848258010189,0.399209516739701,-0.302534915498386,-0.209283974720052,-0.197311308707371,-0.499502274941598,-0.380592290370463,0.799871703738862,0.695372769439298,0.64033639549547
0.886854063803767,-0.397933000712648,-0.693011648279356,-0.251660748529536,-0.271878081188636,0.0518884904415739,-0.427778491114826,-0.813225500493281,0.108154338733792,0.142798717643025,0.0488289705448412,0.497736245568373,0.86070604359264
0.965973768216242,-1.14439846874213,-1.75955021707625,-1.21728969642556,-0.147602600090796,-0.597887753781686,-1.50464432191764,-1.30595685392201,-1.54119932695655,-1.27783401839359,-0.190139171835074,-0.688082897657173,-1.45317526142766
0.965973768216242,0.143604240702349,0.567443023935157,0.626183749557759,0.324644228080998,0.416156990990978,0.149671302214218,-0.0125370511715984,0.0213462510658807,-0.156281858364682,-0.1560008657808,0.201281459761987,0.86070604359264
1.04509347262872,-0.10823526670341,0.470484972226349,0.0116926008966535,-0.0730373114320909,-0.430521145421151,-0.302924481746384,-0.464207458481265,0.151558382567749,0.441879293650735,-0.463245620269263,0.448327114600643,-0.241142196893215
1.04509347262872,-0.621790340628877,-1.1778019068234,-1.26118192132992,-0.731697361250643,0.238945288020998,0.0716375463589423,-0.525798877659857,-1.15056293245095,-1.50214445039937,-1.52153310795175,-1.28099246926995,-0.681881493087556
1.20333288145367,-0.771577237190473,-1.08084385511459,1.06510599860141,-0.445863754725611,0.0814237742699037,-0.895981026246483,-1.03906070414812,-1.23737102011886,-1.50214445039937,-0.326692396052168,0.00364493589106186,0.0894122752525421
1.36157229027862,-0.36089777903533,-1.08084385511459,0.143369275609746,0.486202353508189,0.3078609502871,-0.942801279759648,-1.01853023108858,-0.629714406443466,-0.23105200236661,-0.668075456594905,-1.18217420733448,0.0894122752525421
1.36157229027862,0.488443304764482,0.761359127352775,1.15289044841014,0.399209516739701,0.563833410132628,0.212098306898438,-0.0125370511715984,0.759214996243139,-0.0067415703608284,0.117105582653389,-0.0951733260444,0.86070604359264
1.44069199469109,1.52049148217239,-0.305179441444121,0.977321548792679,2.08935605967032,2.09966816920579,1.88202068220135,0.829212344269146,1.10644734691479,-0.530132578374317,0.970563234010231,0.448327114600643,0.309781923349712
1.51981169910357,-0.864576793846847,-0.305179441444121,-0.0321996240077118,-0.619849428262588,-0.952311159721648,-0.817947270391207,0.377541936959479,0.238366470235663,-0.530132578374317,-0.838766986866273,0.102463197826524,0.0894122752525421
1.59893140351604,0.423425915597635,-1.75955021707625,1.24067489821887,0.697470671374518,0.790270586149825,0.118457799872108,-0.0330675242311276,-0.195673968103902,0.740959869658442,1.24366968244442,0.893009293310222,0.970890867641228
1.59893140351604,-1.90073999588557,-1.75955021707625,-1.43675082094738,-0.96782077533654,-1.25750909261439,-1.89481310119402,-1.77815773429121,-2.23566402829986,-2.17507574641671,-1.28256496557183,-1.92331117185045,-1.893914557622
1.59893140351604,1.72048167922991,-0.789969699988164,0.36283040013157,2.337907021866,2.51316214280241,2.27218946147773,0.398072410019008,1.54048778525436,0.292339005646879,0.902286621901682,0.695372769439298,1.30144533978698
1.67805110792852,2.08424985659378,0.664401075643966,1.50402824764505,2.35033456997579,1.62710362795251,1.46063840058286,0.890803763447738,1.67069991675623,1.18958073367,1.1412547642816,0.991827555245684,1.41163016383557
1.75717081234099,1.84228640830197,0.955275230770392,1.46013602274069,1.86566019369421,2.06028779076802,1.56988565878024,1.28088275157881,3.23324549477866,1.78774188568542,1.03883984611878,0.547145376536105,1.41163016383557
1.75717081234099,0.787194092961509,-0.693011648279356,1.1967826733145,2.17634889643881,1.34159588427865,0.290132062753714,-0.238372254826431,0.108154338733792,0.81573001366037,-0.0535859476179787,0.300099721697449,0.309781923349712
1.83629051675347,-0.855523739659058,-0.40213749315293,-0.734475222477548,-0.421008658506043,-0.804634740579998,-0.833554021562261,-1.03906070414812,-0.456098231107641,-0.305822146368535,-1.04359682319192,-0.688082897657173,0.309781923349712
1.91541022116594,1.38469566935556,0.0826527653911139,1.24067489821887,1.60468168338875,1.4892723034203,1.60109916112236,0.808681871209615,2.36516461809953,-0.305822146368535,1.7898825793128,1.93060104363258,0.64033639549547
1.99452992557842,-1.64890048847981,-1.27475995853221,-1.34896637113865,-1.44006760350833,-0.873550402846101,-1.70753208714136,-2.00399293794604,-1.62800741462447,-1.12829373038973,-2.27257584114577,-1.47862899314087,0.309781923349712
2.15276933440337,0.843158427940567,-0.208221389735312,1.28456712312323,0.958449181679981,1.23329984357478,0.742727846714317,0.0490543680069935,0.976235215412921,0.142798717643025,1.0047015400645,-0.0457641950766682,2.07273910812708
2.15276933440337,0.311497245639521,-1.66259216536744,0.406722625035936,1.28156543253436,1.87323099318859,0.305738813924771,0.192767679423705,-0.542906318775555,-1.12829373038973,-0.326692396052168,-0.737492028624904,-0.241142196893215
2.15276933440337,0.460461137274953,0.0826527653911139,0.406722625035936,0.933594085460413,0.869031343025371,-0.302924481746384,-0.690042662136099,1.32346756608458,-0.23105200236661,-0.599798844486358,0.349508852665179,1.74218463598133
2.31100874322832,1.08594488115854,-0.111263338026503,1.24067489821887,1.44312355796156,1.57787815490529,1.14850337716175,-0.0125370511715984,1.58389182908831,1.18958073367,0.4926269492504,0.645963638471566,2.95421770051576
