-0.601753208812511,-0.594541907230358,-0.527545395652041,-1.20381633190768,-0.521069462372937,-0.0973415129507654,1.39523337462252,0.346130579200236,0.174041577011122,-0.00291424299774942,-0.121439329424207,0.258472807498487,0.434505929323245,1.05674287656708,0.979298811377731,1.21917406158576,-0.522195720926841,0.212946082952792,1.07300664721864
0.51156637264424,0.491322826113977,0.728577097863477,0.440674788825961,0.792548562024809,1.60631003835121,-0.899485302343339,-0.452003604557064,-0.409112091239085,-0.0759090914175694,-0.41431498956232,-0.199210549751586,0.0103532647285308,-0.942705875498693,0.979298811377731,2.10509535073637,-0.253379584939559,0.818403594483434,-0.92841709901187
0.626971451209878,0.735088378497399,0.956963005775389,0.401520238332303,1.02436350750676,-0.189430785994115,0.769401008177283,1.29908092791649,1.31566516035809,1.89495181591757,1.40936437872036,1.56967377691762,0.354977304711736,1.05674287656708,-1.01725612964819,-0.324043667902399,-0.742762806865125,-0.846604562225831,1.07300664721864
-0.561022004612874,-0.461578878657583,-0.184966533784172,-0.616498074502806,-0.366526165384967,-0.51174324164584,-1.10809609115842,-0.989049510120879,-0.958325598903302,-0.69636530298604,-0.94571824919436,-0.879550675393587,-0.860674528635614,1.05674287656708,-1.01725612964819,1.83717560603356,-0.542873885233556,-0.69524018434317,1.07300664721864
1.29224778647062,1.35558251183702,-0.870124257519909,0.753911192775226,-0.0188037471620343,-0.281520059037465,0.769401008177283,0.765533692747222,0.633776479494089,-0.61120464649625,0.422041277017651,0.0172613084072323,-0.250955073280713,-0.942705875498693,0.979298811377731,-0.0311180803606654,2.08325298171913,2.4834117511927,-0.92841709901187
-1.48426263313798,-1.56960411676405,-1.21270311938778,-1.24297088240134,-1.68014418978271,-0.926144970340915,-1.10809609115842,-1.06864426159695,-1.04934693865664,-0.83018919175571,-1.00006630983855,-0.993971514706105,-0.894758224897689,1.05674287656708,-1.01725612964819,-0.767004312477704,0.0567928796611526,-0.241147050695189,-0.92841709901187
-0.71715828737815,-0.771825945327393,-1.32689607334373,-1.20381633190768,-1.06197100183083,-1.57076988164436,-0.899485302343339,-0.939630790797825,-0.947526456898668,-0.84235499982568,-0.966853606111543,-0.907382771442578,-0.940203153247123,-0.942705875498693,0.979298811377731,-0.606252465656021,1.13205742361028,0.0615817050701319,-0.92841709901187
-0.547444936546328,-0.594541907230358,-0.641738349607997,-1.12550723092036,-0.752884407854893,-1.52472524512269,-1.10809609115842,-1.01310286908343,-0.981466617484659,-0.76936015140586,-0.994027636433636,-0.916660136792242,-0.955351462696934,1.05674287656708,0.979298811377731,-0.527662673876531,1.18030647365928,1.57522548389674,1.07300664721864
-0.0179392819510443,-0.350776354846936,0.61438414390752,-0.224952569566226,0.560733616542854,1.09981903661278,1.18662258580744,1.11452606460384,0.940780659340098,2.23559444187673,1.27651356381235,1.73048144297845,2.29396091428757,-0.942705875498693,-1.01725612964819,-1.03849632044321,-0.81858274265641,-1.30069769587381,-0.92841709901187
1.15647710580516,1.13397746421573,1.07115595973134,2.04601135906594,0.908456034765787,0.823551217482734,0.560790219362205,0.863059129995374,0.891413153033202,0.252567726471621,1.02892795421106,0.536793767988397,0.862445671280411,-0.942705875498693,-1.01725612964819,-0.188297663919644,2.24867829617284,2.02931861754472,-0.92841709901187
-1.36885755457235,-1.21503604056998,-0.870124257519909,-0.929734478452071,-0.984699353336848,-0.649877151210865,0.352179430547127,-0.341795487128658,-0.393684745518181,-0.65986787877613,-0.510933764040873,-0.44660695907595,-0.375928626241655,1.05674287656708,0.979298811377731,0.0474717114188241,-0.508410278055699,0.364310460835453,1.07300664721864
0.0974657966145945,0.114594245157779,0.157612328083696,-0.264107120059884,0.367554495307891,0.271015579222635,-0.690874513528261,-0.500984990080799,-0.509389838424968,-0.34355686895691,-0.471682386908961,-0.390942766977968,-0.216871377018637,1.05674287656708,-1.01725612964819,-0.284748772012654,-0.742762806865125,-0.241147050695189,1.07300664721864
-1.11768179534125,-1.05991250723507,-1.32689607334373,-0.968889028945729,-1.56423671704174,-0.88010033381924,-0.273652935898106,-0.313368790172919,-0.327347158918289,-0.7936917675458,-0.157671369853665,-0.703280733749978,-0.201723067568826,-0.942705875498693,-1.01725612964819,-0.606252465656021,0.222218194114865,-0.392511428577849,-0.92841709901187
-1.40958875877198,-1.43664108819127,-0.527545395652041,-1.00804357943939,-0.946063529089855,-0.51174324164584,1.18662258580744,0.250791810948679,0.158614231290217,-0.40438590930676,0.0446241892108049,-0.124991626954277,-0.0843236693327893,1.05674287656708,-1.01725612964819,-0.752715259426888,-0.508410278055699,-0.0897826728125285,1.07300664721864
1.11574590160552,1.1118169594536,0.956963005775389,1.3412294501801,0.908456034765787,1.46817612878618,1.60384416343759,2.36617539825501,2.39249389167725,1.31099302855901,2.06456044315305,2.04900431998357,1.78649254771889,1.05674287656708,0.979298811377731,-0.663408677859286,1.18030647365928,0.212946082952792,1.07300664721864
-1.45031996297162,-1.37015957390488,-1.09851016543182,-1.20381633190768,-1.68014418978271,-1.20241278947096,-0.482263724713183,-0.952750804777397,-0.956782864331211,-0.78152595947583,-0.894389525252628,-0.950677143074342,-0.837952064460897,-0.942705875498693,0.979298811377731,-0.674125467647398,0.40142895143972,1.12113235024876,-0.92841709901187
-1.87799760706781,-1.68040664057469,-0.413352441696084,-1.51705273585694,-1.13924265032482,-1.24845742599264,0.14356864173205,-0.844292022546268,-0.836449567708153,-0.5503756061464,-0.888350851847719,-0.768222291197623,-0.773571749299199,1.05674287656708,0.979298811377731,-0.316899141376991,-0.66694287107384,-0.997968940108491,1.07300664721864
0.0635231264482302,-0.350776354846936,0.500191189951564,0.67560209178791,-0.134711219903012,1.09981903661278,-1.31670687997349,-0.981614835532455,-0.972210210052116,-0.64770207070616,-0.873254168335445,-0.873365765160478,-0.739488053037124,1.05674287656708,-1.01725612964819,-0.0382626068860735,-0.756548249736268,-0.54387580646051,1.07300664721864
0.151774068880777,0.0259522261092618,-0.984317211475865,0.00997473339572272,-0.327890341137975,0.961685127047759,-1.31670687997349,-0.975929496141307,-0.945983722326578,-0.80585757561577,-0.924582892277176,-0.888828040743251,-0.750849285124482,-0.942705875498693,0.979298811377731,0.251090717392956,-0.66694287107384,-0.997968940108491,1.07300664721864
0.464046634411329,0.181075759444167,0.500191189951564,0.205747485864013,0.406190319554884,1.51422076530786,-0.273652935898106,-0.320803464761343,-0.35974458493219,-0.0272458591376894,-0.359966928918134,-0.245597376499904,-0.0767495146078837,1.05674287656708,0.979298811377731,0.811936049637495,-0.439483063699985,-0.846604562225831,1.07300664721864
1.52984647763517,1.33342200707489,0.728577097863477,0.714756642281568,1.95162328943459,-0.0512968764290904,2.22967652988283,2.5218662308126,2.68715619494654,1.1528375236494,1.95284498516222,2.29330827419138,0.53675701810947,-0.942705875498693,-1.01725612964819,2.77310858086203,0.263574522728293,0.818403594483434,-0.92841709901187
1.24472804823771,1.22261948326424,-0.870124257519909,1.45869310166107,-0.0188037471620343,1.33004221922116,-0.273652935898106,0.0163808945136584,0.0382809346671581,-0.63553626263619,0.24390041157282,-0.409497497677295,0.214855442300982,-0.942705875498693,-1.01725612964819,0.511865935570353,-0.756548249736268,-0.846604562225831,-0.92841709901187
-0.540656402513055,-0.771825945327393,-0.870124257519909,-0.890579927958413,-1.29378594731279,-0.88010033381924,-0.0650421470830281,-0.31774212816611,-0.356659115788009,-0.68419949491607,-0.21201943049785,-0.687818458167205,-0.303974156355052,1.05674287656708,-1.01725612964819,-0.24545387612291,-0.797904578349696,-0.846604562225831,1.07300664721864
0.477623702477875,0.469162321351848,-0.184966533784172,-0.185798019072568,0.174375374072928,-0.0512968764290904,0.560790219362205,-0.142808608438482,-0.182330109141783,-0.100240707557509,-0.347889582108315,-0.0105707876417587,-0.356993239429391,1.05674287656708,0.979298811377731,1.57640038785617,-0.246486863503987,0.667039216600774,1.07300664721864
0.993552289006613,0.978853930880821,-0.641738349607997,1.45869310166107,-0.55970528661993,1.83653322095958,-0.482263724713183,-0.152867285822821,-0.137590806551158,-0.45304914158664,-0.0368979017554738,-0.458976779542168,0.180771746038907,1.05674287656708,0.979298811377731,-0.102563345614747,1.44912260964657,1.12113235024876,1.07300664721864
0.742376529775517,0.646446359448882,0.956963005775389,1.38038400067376,1.68117251970564,2.25093494965466,1.39523337462252,1.11233939560724,1.01791738794462,1.17716913978934,1.2131074930608,1.24805844479594,1.98342057056644,-0.942705875498693,0.979298811377731,-0.0847020293012265,-0.784119135478553,-0.846604562225831,-0.92841709901187
0.104254330647867,0.00379172134713246,-0.641738349607997,0.00997473339572272,-0.598341110866922,-0.88010033381924,-0.899485302343339,-0.903769419253661,-0.884274339442958,-0.74502853526592,-0.849099474715807,-0.879550675393587,-0.868248683360519,1.05674287656708,0.979298811377731,-0.231164823072093,-0.77033369260741,-0.69524018434317,1.07300664721864
1.21757391210462,1.33342200707489,0.61438414390752,1.10630214721815,1.10163515600075,0.685417307917709,-0.482263724713183,-0.442382260972044,-0.416825764099538,-0.307059444747,-0.429411673074594,-0.37857294651175,-0.470605560302975,-0.942705875498693,-1.01725612964819,-0.64911962480847,1.19409191653043,2.4834117511927,-0.92841709901187
-1.3552804865058,-1.3036780596185,-0.641738349607997,-1.24297088240134,-1.02333517758384,-1.34054669903599,-0.0650421470830281,-0.58976375134257,-0.638979542480569,-0.51387818193649,-0.710209986402887,-0.613599535369896,-0.735700975674671,-0.942705875498693,0.979298811377731,0.458281986629792,-0.501517556620127,-0.54387580646051,-0.92841709901187
-0.167287030683047,-0.0405292881771261,-0.184966533784172,-0.655652624996464,0.328918671060899,-0.51174324164584,1.39523337462252,1.55229719772223,1.82631030372004,0.933852978389941,1.50296381649646,1.46143784783821,1.17677309236399,1.05674287656708,0.979298811377731,-0.78129336552852,0.353179901390721,2.33204737331004,1.07300664721864
-0.920814308376336,-1.05991250723507,-0.755931303563953,-1.20381633190768,-1.02333517758384,-1.20241278947096,-1.10809609115842,-1.00916686488956,-0.993808494061383,-0.78152595947583,-0.987988963028726,-0.932122412375014,-0.917480689072406,1.05674287656708,0.979298811377731,0.540444041671986,-0.4119121779577,-0.392511428577849,1.07300664721864
-1.51141676927108,-1.48096209771553,-1.21270311938778,-1.5562072863506,-1.17787847457181,-0.373609332080815,-1.10809609115842,-1.06077225320921,-1.03700506207992,-0.7936917675458,-1.03025967686309,-0.932122412375014,-0.81522960028618,-0.942705875498693,-1.01725612964819,0.126061503198314,-0.61869382102484,-0.54387580646051,-0.92841709901187
-1.26702954407325,-1.37015957390488,-0.527545395652041,-0.890579927958413,-1.2551501230658,-1.47868060860101,-0.690874513528261,-0.858724037923797,-0.867304259149963,-0.45304914158664,-0.830983454501078,-0.786777021896951,-0.864461605998067,-0.942705875498693,-1.01725612964819,0.0581885012069363,-0.646264706767126,-1.14933331799115,-0.92841709901187
-1.01585378484216,-0.882628469138039,-1.09851016543182,-1.04719812993305,-0.984699353336848,-0.88010033381924,-0.273652935898106,-0.725337229131481,-0.750056431671085,-0.58687303035631,-0.764558047047073,-0.659986362118214,-0.538772952827126,-0.942705875498693,-1.01725612964819,0.243946190867548,-0.611801099589269,-0.69524018434317,-0.92841709901187
0.0838887285480488,0.535643835638235,-0.527545395652041,0.0882838343830389,-0.0960753956560194,-0.373609332080815,-0.899485302343339,-0.754638593685859,-0.692975252503737,-0.5503756061464,-0.7494613635348,-0.647616541651996,-0.682681892600332,1.05674287656708,0.979298811377731,-0.777721102265816,0.40142895143972,1.42386110601408,1.07300664721864
-1.34849195247253,-1.12639402152146,-0.413352441696084,-0.812270826971097,-0.752884407854893,-1.47868060860101,-0.482263724713183,-0.831609342366015,-0.817936752843067,-0.45304914158664,-0.73738401672498,-0.69091091328376,-0.792507136111463,-0.942705875498693,-1.01725612964819,-0.831305051206377,-0.791011856914124,-0.69524018434317,-0.92841709901187
0.830627472208064,0.845890902308045,0.157612328083696,0.636447541294252,0.715276913530824,1.97466713052461,-0.273652935898106,-0.00417379405433784,-0.0110865716397377,0.0944122215620106,-0.0278398916481095,0.0358160391065596,0.108817276152304,1.05674287656708,0.979298811377731,0.0438994481561201,-0.756548249736268,0.0615817050701319,1.07300664721864
0.362218623912236,-0.151331811987773,0.271805282039652,-0.499034423021832,0.444826143801876,-0.88010033381924,2.02106574106775,1.68962001070841,1.61187019819946,2.57623706783589,1.93774830164995,1.9995250381187,1.35855280576173,-0.942705875498693,0.979298811377731,0.35111408874867,-0.549766606669127,-0.69524018434317,-0.92841709901187
-1.28739514617307,-1.21503604056998,-1.09851016543182,-0.968889028945729,-0.86879188059587,-0.834055697297565,-1.10809609115842,-1.06339625600512,-1.0231204509311,-0.81802338368574,-0.994027636433636,-0.922845047025351,-0.88339699281033,1.05674287656708,-1.01725612964819,-0.64911962480847,-0.77033369260741,-0.846604562225831,1.07300664721864
1.2718821843708,1.33342200707489,0.842770051819433,0.988838495737174,0.792548562024809,-0.0973415129507654,0.352179430547127,0.796147058699557,0.902212295037835,0.532381312080931,0.823613058444136,0.719248619865115,0.222429597025888,-0.942705875498693,0.979298811377731,-0.79915468184204,0.19464730837258,-0.69524018434317,-0.92841709901187
-0.00436221388449852,-0.151331811987773,0.04341937412774,-0.381570771540858,0.0584679013319508,-0.0973415129507654,0.97801179699236,1.09003537184197,1.09042591283288,1.17716913978934,1.16479810582152,1.03777149687023,1.00635461105362,-0.942705875498693,-1.01725612964819,0.090338870571273,-0.777226414042982,-0.54387580646051,-0.92841709901187
0.00921485418204722,-0.129171307225643,0.728577097863477,-0.224952569566226,1.29481427723571,-0.97218960686259,-0.273652935898106,-0.746766585298116,-0.757770104531537,-0.48954656579655,-0.791732077369166,-0.595044804670568,-0.743275130399577,1.05674287656708,0.979298811377731,-0.463361935147858,-0.749655528300696,-0.846604562225831,1.07300664721864
-1.08373912517488,-1.10423351675933,-0.299159487740128,-1.04719812993305,-1.02333517758384,-0.281520059037465,-0.690874513528261,-0.578393072560274,-0.600411178178307,-0.246230404397149,-0.595475191709606,-0.468254144891832,-0.250955073280713,1.05674287656708,0.979298811377731,-0.531234937139235,-0.722084642558411,-0.997968940108491,1.07300664721864
-0.615330276879057,-0.661023421516746,-0.641738349607997,-0.890579927958413,-0.40516198963196,-1.34054669903599,0.97801179699236,0.474269382400723,0.379225275099158,-0.41655171737673,0.144262300391812,-0.0291255183410859,-0.34184492997958,1.05674287656708,0.979298811377731,-0.659836414596582,0.60131787307129,-0.241147050695189,1.07300664721864
1.51626940956862,1.53286654993405,1.52792777555517,1.69362040462302,1.14027098024774,1.33004221922116,-0.273652935898106,0.241607801162978,0.315973157643447,0.775697473480331,0.506582704686385,0.437835204258651,0.199707132851171,-0.942705875498693,-1.01725612964819,-0.181153137394236,2.50370898928898,0.667039216600774,-0.92841709901187
0.0838887285480488,0.114594245157779,1.41373482159921,0.127438384876697,0.676641089283831,-1.15636815294929,-1.31670687997349,-0.980302834134498,-0.939812784038216,-0.5503756061464,-0.915524882169812,-0.808424207712832,-0.925054843797311,-0.942705875498693,-1.01725612964819,-0.313326878114287,-0.336092242166415,0.212946082952792,-0.92841709901187
-1.68791865413617,-1.41448058342914,-0.641738349607997,-1.32127998338865,-1.10060682607783,-1.20241278947096,1.81245495225267,1.73772672863351,1.40668650011143,0.349894191031381,1.01685060740124,1.02230922128746,1.95691102902927,1.05674287656708,-1.01725612964819,-0.849166367519897,-0.21202325632613,-0.846604562225831,1.07300664721864
-1.13804739744107,-1.14855452628359,-1.32689607334373,-1.0863526804267,-1.40969342005377,-1.38659133555766,-0.690874513528261,-0.674606508410469,-0.697603456220008,-0.83018919175571,-0.740403353427435,-0.823886483295605,-0.769784671936746,-0.942705875498693,0.979298811377731,-0.591963412605204,0.55306882302229,0.667039216600774,-0.92841709901187
-1.27381807810652,-1.21503604056998,-1.21270311938778,-0.929734478452071,-1.40969342005377,-0.88010033381924,-0.690874513528261,-0.757262596481773,-0.790167530545438,-0.73286272719595,-0.734364680022526,-0.808424207712832,-0.553921262276937,1.05674287656708,0.979298811377731,-0.777721102265816,0.229110915550437,0.364310460835453,1.07300664721864
1.23115098017116,0.69076736897314,2.21308549929091,1.49784765215473,1.64253669545865,0.961685127047759,2.02106574106775,2.13788715501046,1.94355813119892,2.98987454221487,2.3544167665887,2.62420097166272,1.76755716090663,-0.942705875498693,-1.01725612964819,-1.03849632044321,-0.81858274265641,-1.30069769587381,-0.92841709901187
-1.38922315667216,-1.21503604056998,-0.755931303563953,-1.00804357943939,-1.13924265032482,-0.926144970340915,-0.899485302343339,-0.937444121801229,-0.929013642033582,-0.74502853526592,-0.918544218872267,-0.898105406092914,-0.837952064460897,-0.942705875498693,0.979298811377731,-0.495512304512194,-0.797904578349696,-0.54387580646051,-0.92841709901187
0.7966848020417,0.757248883259528,0.956963005775389,0.47982933931962,1.3334501014827,0.178926306179285,-0.690874513528261,-0.80580664820619,-0.79788120340589,-0.57470722228634,-0.791732077369166,-0.703280733749978,-0.690256047325238,-0.942705875498693,-1.01725612964819,-0.656264151333878,0.849455844751859,2.18068299542738,-0.92841709901187
-0.628907344945602,-0.594541907230358,-0.984317211475865,-0.499034423021832,-0.830156056348878,-0.69592178773254,2.02106574106775,2.44445814833312,2.27678879877047,0.374225807171321,1.77772345641984,1.78923809019299,1.62743529849588,1.05674287656708,0.979298811377731,-0.49194004124949,0.718494137476003,0.212946082952792,1.07300664721864
0.735587995742244,0.513483330876106,1.64212072951113,0.558138440306936,1.71980834395263,0.501238761831009,1.39523337462252,1.17619013030783,1.04105840652598,1.84628858363769,1.05912132123561,1.49854730923686,1.08967031302758,-0.942705875498693,0.979298811377731,-0.613396992181429,0.670245087427003,0.515674838718113,-0.92841709901187
0.70164532557588,0.314038788016943,1.98469959137899,0.910529394749858,1.29481427723571,2.29697958617633,2.22967652988283,2.23191392186406,1.88956242117575,3.37918040045391,2.45707421447217,2.54070468351574,4.24051867858831,-0.942705875498693,-1.01725612964819,1.84789239582168,-0.0741688276147032,-0.997968940108491,-0.92841709901187
0.850993074307883,0.646446359448882,1.64212072951113,1.22376579869912,1.75844416819962,2.57324740530638,1.60384416343759,1.75084674261308,1.63963942049709,2.69789514853559,2.17627590114387,1.91293629485517,2.75977142986926,-0.942705875498693,-1.01725612964819,-0.0382626068860735,-0.749655528300696,-0.54387580646051,-0.92841709901187
0.138197000814232,0.247557273730555,-0.641738349607997,0.0882838343830389,-0.211982868396997,-1.29450206251431,0.352179430547127,0.434472006662688,0.499558571722216,-0.45304914158664,0.30126780891946,-0.0909746206721769,-0.561495417001842,-0.942705875498693,-1.01725612964819,-0.238309349597501,1.152735587917,-0.0897826728125285,1.07300664721864
-0.357365983614688,-0.23997383103629,-0.870124257519909,0.00997473339572272,-0.86879188059587,-0.0973415129507654,-0.690874513528261,-0.612067775107843,-0.569556486736497,-0.64770207070616,-0.498856417231054,-0.681633547934096,-0.542560030189578,1.05674287656708,0.979298811377731,-0.231164823072093,-0.77033369260741,-0.846604562225831,-0.92841709901187
-0.106190224383592,-0.107010802463514,0.385998235995608,0.166592935370355,-0.173347044150004,-0.0973415129507654,-0.273652935898106,-0.211470014931576,-0.257924103174217,0.130909645771921,-0.230135450712579,-0.17447090881915,-0.281251692180335,-0.942705875498693,0.979298811377731,-0.388344406631072,-0.756548249736268,-0.69524018434317,-0.92841709901187
-0.438828392013962,-0.262134335798419,-0.870124257519909,-0.694807175490122,-0.86879188059587,-0.834055697297565,-0.690874513528261,-0.696910532175742,-0.666748764778198,-0.70853111105601,-0.719267996510252,-0.687818458167205,-0.777358826661652,-0.942705875498693,0.979298811377731,-0.66698094112199,0.649566923120289,0.0615817050701319,-0.92841709901187
-1.00906525080888,-0.838307459613781,-0.527545395652041,-0.224952569566226,-0.636976935113915,0.0868370331359346,1.60384416343759,1.59777991285141,1.44834033355787,1.0311794429497,1.98605768888922,0.85840910011007,2.11975535561474,1.05674287656708,-1.01725612964819,-0.856310894045306,-0.446375785135557,-0.0897826728125285,1.07300664721864
1.85569611123227,2.88465734042394,2.21308549929091,2.43755686400252,2.3766173561515,0.547283398352684,-0.482263724713183,-0.190040658764942,0.0228535889462532,0.289065150681531,-0.0368979017554738,0.218270890983278,-0.338057852617127,-0.942705875498693,-1.01725612964819,3.88051019230029,-0.129310599099274,-0.392511428577849,-0.92841709901187
1.42801846713608,1.22261948326424,1.98469959137899,1.3412294501801,1.21754262874173,1.56026540182953,0.769401008177283,1.03186997653253,1.02717379537717,2.39374994678634,1.36407432818354,1.52019449505274,1.35097865103682,1.05674287656708,0.979298811377731,0.0438994481561201,-0.777226414042982,-0.392511428577849,1.07300664721864
-0.506713732346691,-0.5502208977061,-0.299159487740128,-0.185798019072568,-0.482433638125945,0.685417307917709,0.352179430547127,0.511880089142163,0.348370583657348,0.921687170319971,0.645472192999304,0.611012690785706,1.41914604356097,-0.942705875498693,0.979298811377731,-0.0525516599368898,-0.777226414042982,-0.997968940108491,-0.92841709901187
1.58415474990135,1.46638503564767,2.21308549929091,1.3412294501801,2.49252482889248,0.685417307917709,1.39523337462252,1.77971077336814,2.00835298322672,2.16259959345691,1.86226488408858,2.35824983163903,0.888955212817581,1.05674287656708,0.979298811377731,-0.0454071334114817,-0.756548249736268,0.0615817050701319,1.07300664721864
-0.839351899977061,-0.572381402468229,0.500191189951564,-0.420725322034516,-0.25061869264399,0.271015579222635,-1.10809609115842,-0.975054828542669,-0.939812784038216,-0.53820979807643,-0.906466872062448,-0.805331752596278,-0.74706220776203,-0.942705875498693,-1.01725612964819,-0.509801357563011,-0.791011856914124,-0.997968940108491,-0.92841709901187
-1.68791865413617,-1.48096209771553,0.04341937412774,-1.32127998338865,-0.86879188059587,-0.88010033381924,1.81245495225267,1.20330482586561,0.950037066772641,1.35965626083889,1.16177876911907,1.46762275807132,2.32804461054965,-0.942705875498693,0.979298811377731,-0.449072882097042,-0.756548249736268,-1.14933331799115,-0.92841709901187
0.369007157945509,0.136754749919908,0.157612328083696,0.47982933931962,0.213011198319921,0.317060215744309,-0.690874513528261,-0.571833065570488,-0.654406888201474,-0.50171237386652,-0.607552538519425,-0.641431631418887,-0.523624643377314,-0.942705875498693,0.979298811377731,-0.159719557818012,1.86268589578085,1.42386110601408,-0.92841709901187
-0.608541742845784,-0.5502208977061,0.157612328083696,-0.616498074502806,-0.211982868396997,-1.15636815294929,-0.482263724713183,-0.525038349043348,-0.489334288987791,-0.50171237386652,-0.619629885329244,-0.530103247222923,-0.697830202050143,-0.942705875498693,0.979298811377731,0.865519998578056,-0.542873885233556,-0.69524018434317,-0.92841709901187
0.484412236511148,0.336199292779072,1.75631368346708,0.832220293762542,1.60390087121165,1.42213149226451,-0.690874513528261,-0.370659517883717,-0.387513807229819,0.471552271731081,-0.209000093795396,0.0389084942231141,0.025501574178342,1.05674287656708,-1.01725612964819,-0.231164823072093,-0.749655528300696,-0.392511428577849,1.07300664721864
-0.588176140745965,-0.661023421516746,-0.527545395652041,-0.773116276477439,-0.636976935113915,-0.41965396860249,-1.31670687997349,-1.02359888026709,-0.993808494061383,-0.75719434333589,-0.984969626326271,-0.913567681675687,-0.864461605998067,-0.942705875498693,-1.01725612964819,-0.87774447362153,0.0223292724832958,2.63477612907536,-0.92841709901187
0.728799461708971,0.668606864211011,1.52792777555517,0.832220293762542,1.71980834395263,0.915640490526084,-0.899485302343339,-0.903332085454342,-0.861133320861601,-0.50171237386652,-0.827964117798624,-0.681633547934096,-0.716765588862407,-0.942705875498693,0.979298811377731,-0.477650988198674,-0.77033369260741,-0.0897826728125285,-0.92841709901187
-0.146921428583229,0.247557273730555,0.157612328083696,-0.0291798170979353,0.251647022566914,-0.23547542251579,0.97801179699236,-0.229400700703658,-0.197757454862688,-0.34355686895691,-0.22409677730767,-0.112621806488059,-0.12598152031977,1.05674287656708,0.979298811377731,-0.827732787943673,0.256681801292722,0.0615817050701319,1.07300664721864
1.09538029950571,0.890211911832304,1.41373482159921,1.38038400067376,2.02889493792857,1.65235467487288,1.39523337462252,2.02461770098682,2.09937432298006,2.86821646151517,2.33630074637398,2.79428600307322,2.00993011210361,-0.942705875498693,-1.01725612964819,0.00460455226637529,-0.756548249736268,-0.54387580646051,-0.92841709901187
0.0771001945147759,0.158915254682037,1.75631368346708,1.65446585412936,0.753912737777817,1.23795294617781,-0.899485302343339,-0.851289363335373,-0.830278629419791,-0.29489363667703,-0.619629885329244,-0.653801451885105,-0.610727422713729,1.05674287656708,0.979298811377731,-0.059696186462298,-0.804797299785267,-0.241147050695189,1.07300664721864
0.138197000814232,0.048112730871391,0.385998235995608,0.597292990800594,-0.173347044150004,-0.23547542251579,-0.0650421470830281,-0.230712702101615,-0.274894183467212,-0.38005429316682,-0.0791686155898406,-0.483716420474605,-0.00858212208373325,1.05674287656708,0.979298811377731,0.00460455226637529,-0.777226414042982,-0.846604562225831,1.07300664721864
0.620182917176605,0.956693426118692,0.61438414390752,0.244902036357671,1.25617845298872,1.69839931139456,0.560790219362205,1.29733159271921,1.4761095558555,2.50324221941607,1.57844723405783,2.11703833254777,1.69938976838248,-0.942705875498693,-1.01725612964819,2.69451878908254,-0.21202325632613,0.667039216600774,-0.92841709901187
-1.15841299954089,-1.3036780596185,-1.09851016543182,-0.53818897351549,-1.10060682607783,-1.06427887990594,0.14356864173205,-0.571833065570488,-0.595782974462035,-0.75719434333589,-0.589436518304697,-0.644524086535441,-0.584217881176559,-0.942705875498693,-1.01725612964819,-0.674125467647398,0.0912564868390093,0.212946082952792,-0.92841709901187
1.10216883353898,1.02317494040508,1.1853489136873,0.832220293762542,1.25617845298872,0.0868370331359346,1.39523337462252,1.50550248119509,1.32800703693481,0.751365857340391,1.15272075901171,1.12126778501721,0.150475127139284,-0.942705875498693,0.979298811377731,0.090338870571273,2.20732196755942,0.212946082952792,-0.92841709901187
1.61130888603444,1.99823714993877,2.21308549929091,1.81108405610399,2.18343823491654,-0.00525223990741539,-0.482263724713183,-0.231150035900934,-0.17307370170924,0.276899342611561,-0.193903410283122,-0.0353104285741951,-0.542560030189578,-0.942705875498693,-1.01725612964819,-0.0775575027758183,-0.701406478251697,0.212946082952792,-0.92841709901187
-1.2806066121398,-1.25935705009424,-0.870124257519909,-1.39958908437597,-1.29378594731279,-1.38659133555766,-1.31670687997349,-1.06820692779763,-1.03546232750783,-0.7936917675458,-1.03327901356555,-0.966139418657114,-0.943990230609575,-0.942705875498693,-1.01725612964819,-0.624113781969541,-0.784119135478553,0.515674838718113,-0.92841709901187
0.253602079379871,0.447001816589718,0.500191189951564,0.597292990800594,0.831184386271802,1.79048858443791,1.39523337462252,1.75696941580355,2.11788713784515,1.70029888679805,2.14608253411932,2.22527426162718,1.64637068530814,-0.942705875498693,0.979298811377731,-0.691986783960918,0.684030530298146,1.12113235024876,-0.92841709901187
-0.533867868479782,-0.705344431041005,0.500191189951564,-0.851425377464755,0.0198320770849583,-0.189430785994115,-0.482263724713183,-0.503608992876714,-0.572641955880678,0.0214173731421906,-0.501875753933508,-0.34455594022965,-0.175213526031657,1.05674287656708,0.979298811377731,1.55496680827994,-0.218915977761702,-0.846604562225831,-0.92841709901187
0.586240247010241,0.38052030230333,1.41373482159921,1.02799304623083,2.06753076217556,0.961685127047759,1.18662258580744,1.48932113062028,1.42519931497651,2.45457898713619,1.466731776067,2.0675590506829,1.58956452487135,1.05674287656708,-1.01725612964819,2.06580045484662,-0.391234013650986,-0.0897826728125285,1.07300664721864
1.15647710580516,0.978853930880821,2.21308549929091,1.41953855116741,1.91298746518759,1.05377440009111,-0.899485302343339,-0.731459902321948,-0.713030801940913,-0.197567172117269,-0.643784578948883,-0.486808875591159,-0.62587573216354,1.05674287656708,0.979298811377731,3.43754954772499,-0.0534906633079892,0.364310460835453,1.07300664721864
1.30582485453717,1.39990352136128,2.55566436115877,1.41953855116741,2.18343823491654,0.501238761831009,-0.273652935898106,0.0894156389999428,0.0089689777974387,0.459386463661111,-0.000665861326016605,0.218270890983278,-0.137342752407129,-0.942705875498693,0.979298811377731,-0.616969255444133,1.48358621682442,1.87795423966206,-0.92841709901187
0.464046634411329,0.225396768968425,0.04341937412774,0.323211137344987,0.0971037255789433,-0.51174324164584,-0.690874513528261,-0.815427991791209,-0.825650425703519,-0.6720336868461,-0.782674067261802,-0.774407201430732,-0.796294213473916,-0.942705875498693,0.979298811377731,-0.224020296546685,1.77997323855399,2.63477612907536,-0.92841709901187
-0.818986297877243,-0.683183926278875,0.271805282039652,-0.381570771540858,-0.173347044150004,-0.69592178773254,1.81245495225267,1.8291294926912,1.8324812420084,2.30858929029655,1.67204667183393,2.27784599860861,1.08209615830267,-0.942705875498693,0.979298811377731,-0.524090410613827,-0.777226414042982,-0.54387580646051,-0.92841709901187
0.0295804562818658,-0.306455345322678,-0.870124257519909,-0.499034423021832,-0.598341110866922,1.14586367313446,0.352179430547127,0.4003599703158,0.221866348745927,-0.124572323697449,0.204649034440908,0.106942506787314,0.567053637009093,1.05674287656708,0.979298811377731,-0.0311180803606654,2.53817259646684,1.57522548389674,1.07300664721864
-0.520290800413237,-0.505899888181841,-0.984317211475865,-0.968889028945729,-0.289254516890982,-0.97218960686259,0.14356864173205,-0.226339364108424,-0.237868553737041,-0.64770207070616,-0.438469683181958,-0.37857294651175,-0.633449886888446,-0.942705875498693,-1.01725612964819,-0.713420363537143,0.456570722924291,0.515674838718113,-0.92841709901187
-0.228383836982503,-0.262134335798419,1.07115595973134,-0.224952569566226,-0.211982868396997,0.869595854004409,1.60384416343759,1.89298022739178,1.92813078547801,1.96794666433739,2.14004386071442,1.9314910255545,2.50225016922247,1.05674287656708,-1.01725612964819,-0.549096253452755,-0.784119135478553,0.0615817050701319,1.07300664721864
-0.337000381514869,-0.683183926278875,0.500191189951564,-0.733961725983781,0.135739549825936,-0.00525223990741539,2.64689810751298,2.64956770021377,2.23667769989611,3.8293152990428,2.4480162043648,2.89633702191952,3.01729269051606,1.05674287656708,0.979298811377731,-0.741998469638775,0.380750787133006,1.12113235024876,1.07300664721864
0.918878414640612,0.69076736897314,-0.755931303563953,1.49784765215473,0.251647022566914,1.28399758269948,-0.482263724713183,-0.519790343451519,-0.544872733583049,-0.69636530298604,-0.34487024540586,-0.632154266069223,-0.235806763830901,-0.942705875498693,0.979298811377731,0.611889306926067,-0.756548249736268,-0.241147050695189,-0.92841709901187
-0.432039857980689,-0.52806039294397,-0.0707735798282161,0.284056586851329,-0.7142485836079,0.271015579222635,-0.482263724713183,-0.499235654883523,-0.534073591578416,-0.33139106088694,-0.233154787415034,-0.585767439320905,-0.156278139219393,1.05674287656708,-1.01725612964819,-0.37762761684296,-0.763440971171839,-0.69524018434317,-0.92841709901187
0.722010927675698,0.40268080706546,-1.09851016543182,-0.499034423021832,-0.289254516890982,-0.281520059037465,0.769401008177283,1.27021689716143,1.32029336407436,-0.307059444747,1.03194729091351,0.583180594736715,-0.0161562768086389,1.05674287656708,0.979298811377731,-0.299037825063471,1.64901153127814,1.7265898617794,1.07300664721864
-0.825774831910516,-0.661023421516746,0.157612328083696,-0.694807175490122,-0.0188037471620343,-0.557787878167515,-0.482263724713183,-0.441070259574087,-0.415283029527448,0.0457489892821306,-0.453566366694232,-0.155916178119822,-0.463031405578069,-0.942705875498693,0.979298811377731,1.35492006556851,-0.425697620828842,-0.54387580646051,-0.92841709901187
-0.160498496649775,0.269717778492684,-0.755931303563953,-0.0291798170979353,-0.0188037471620343,-0.465698605124165,0.14356864173205,0.201373091625624,0.274319324197004,0.276899342611561,0.249939084977729,0.27393508308126,-0.0767495146078837,-0.942705875498693,0.979298811377731,-0.191869927182349,-0.763440971171839,-1.14933331799115,-0.92841709901187
1.22436244613789,1.1118169594536,0.385998235995608,0.597292990800594,1.25617845298872,0.0407923966142596,-0.482263724713183,-0.131000595856868,-0.132962602834887,-0.136738131767419,-0.290522184761675,-0.0445877939238587,-0.478179715027881,1.05674287656708,-1.01725612964819,0.143922819511834,-0.680728313944983,-0.69524018434317,1.07300664721864
1.12932296967207,1.35558251183702,1.07115595973134,0.67560209178791,1.41072174997669,-0.14338614947244,-0.0650421470830281,0.479517387992552,0.547383343457022,0.860858129970121,0.394867246695558,0.799652452895533,0.0103532647285308,-0.942705875498693,0.979298811377731,0.0153213420544875,-0.715191921122839,-0.54387580646051,-0.92841709901187
-0.662850015111967,-0.0848502977013847,0.271805282039652,-0.185798019072568,0.251647022566914,-0.741966424254215,-0.0650421470830281,0.129650348537297,0.153986027573945,-0.173235555977329,-0.145594023043846,0.144051968185969,-0.277464614817882,1.05674287656708,-1.01725612964819,-0.624113781969541,0.711601416040431,0.969767972366095,1.07300664721864
-1.24666394197343,-1.19287553580785,-0.184966533784172,-0.968889028945729,-0.482433638125945,-0.465698605124165,-0.482263724713183,-0.643993142458135,-0.652864153629384,-0.35572267702688,-0.652842589056247,-0.545565522805696,-0.500902179202597,1.05674287656708,-1.01725612964819,-0.85988315730801,0.118827372581295,1.7265898617794,1.07300664721864
-0.852928968043607,-0.838307459613781,-0.527545395652041,-1.28212543289499,-0.55970528661993,-1.06427887990594,2.22967652988283,1.98044698725559,2.09628885383588,1.46914853346862,1.73243340588302,2.34278755605625,1.4494426624606,-0.942705875498693,0.979298811377731,-1.03849632044321,-0.81858274265641,-1.30069769587381,-0.92841709901187
0.280756215512962,-0.195652821512031,-1.21270311938778,-0.3424162210472,-1.06197100183083,-0.557787878167515,-0.690874513528261,-0.891961406672046,-0.915129030884768,-0.83018919175571,-0.873254168335445,-0.925937502141905,-0.803868368198822,-0.942705875498693,0.979298811377731,-0.0454071334114817,2.0418966531057,1.12113235024876,-0.92841709901187
-1.76938106253544,-1.52528310723979,-0.755931303563953,-1.43874363486963,-0.830156056348878,-1.20241278947096,0.352179430547127,-0.882777396886346,-0.881188870298777,-0.64770207070616,-0.849099474715807,-0.721835464449305,-0.754636362486935,1.05674287656708,0.979298811377731,-0.545523990190051,-0.715191921122839,-1.14933331799115,1.07300664721864
-1.48426263313798,-1.50312260247766,-0.870124257519909,-1.24297088240134,-1.56423671704174,-1.06427887990594,-0.899485302343339,-0.933070783808039,-0.92129996917313,-0.75719434333589,-0.915524882169812,-0.907382771442578,-0.807655445561274,1.05674287656708,-1.01725612964819,-0.691986783960918,-0.804797299785267,-0.997968940108491,1.07300664721864
1.25830511630426,1.37774301659915,3.24082208489451,2.04601135906594,2.18343823491654,1.28399758269948,-0.273652935898106,-0.145432611234397,-0.136048071979068,0.714868433130481,0.0295275056985311,0.140959513069414,-0.0843236693327893,-0.942705875498693,-1.01725612964819,0.276096560231885,-0.680728313944983,-0.846604562225831,-0.92841709901187
-0.411674255880871,-0.107010802463514,-0.641738349607997,-0.264107120059884,-0.598341110866922,-0.0512968764290904,1.60384416343759,0.734920326794887,0.726340553819519,0.00925156507222058,0.663588213214033,0.280119993314369,0.245152061200604,-0.942705875498693,-1.01725612964819,-0.284748772012654,-0.432590342264414,0.667039216600774,-0.92841709901187
0.233236477280052,-0.107010802463514,-1.09851016543182,0.401520238332303,-0.752884407854893,1.37608685574283,-1.10809609115842,-0.96980682295084,-0.955240129759121,-0.81802338368574,-0.888350851847719,-0.922845047025351,-0.716765588862407,-0.942705875498693,0.979298811377731,-0.0525516599368898,-0.77033369260741,0.0615817050701319,1.07300664721864
1.33297899067026,0.801569892783787,2.44147140720282,1.18461124820546,2.53116065313947,1.09981903661278,-1.10809609115842,-0.857849370325159,-0.847248709712786,-0.38005429316682,-0.785693403964257,-0.619784445603005,-0.724339743587313,-0.942705875498693,0.979298811377731,0.101055660359385,-0.791011856914124,0.818403594483434,-0.92841709901187
1.76065663476645,2.04255815946303,1.98469959137899,2.0851659095596,2.68570395012744,-0.41965396860249,-0.690874513528261,-0.529411687036539,-0.490877023559882,-0.148903939837389,-0.456585703396687,-0.335278574879986,-0.728126820949766,-0.942705875498693,-1.01725612964819,-0.177580874131532,-0.763440971171839,-0.392511428577849,-0.92841709901187
-1.16520153357416,-1.17071503104572,-0.299159487740128,-0.812270826971097,-1.10060682607783,0.178926306179285,0.97801179699236,0.764221691349265,0.757195245261329,1.5178117657485,1.02892795421106,1.15837724641586,1.38127526993645,1.05674287656708,-1.01725612964819,1.18702369222142,-0.577337492411412,-0.846604562225831,1.07300664721864
0.51156637264424,0.557804340400365,-0.184966533784172,-0.264107120059884,0.792548562024809,0.639372671396034,2.02106574106775,2.10552445386085,2.19810933559385,1.01901363487973,1.86830355749349,2.1696100695292,2.24851598593814,1.05674287656708,0.979298811377731,-0.191869927182349,-0.784119135478553,-0.69524018434317,1.07300664721864
0.84420454027461,0.535643835638235,1.07115595973134,0.244902036357671,0.869820210518794,-0.00525223990741539,-0.273652935898106,-0.00723513064957132,-0.0789668928117195,0.337728382961411,-0.266367491142036,0.162606698885296,-0.129768597682223,1.05674287656708,-1.01725612964819,2.12295666704989,-0.0948469919214173,-0.0897826728125285,1.07300664721864
-1.65397598396981,-1.52528310723979,-0.413352441696084,-1.43874363486963,-0.791520232101885,-0.88010033381924,1.39523337462252,-0.231587369700253,-0.276436918039303,-0.161069747907359,-0.172768053365938,-0.193025639518477,0.142900972414379,-0.942705875498693,-1.01725612964819,-0.920611632773979,-0.797904578349696,-1.30069769587381,-0.92841709901187
1.32619045663698,1.66582957850683,-0.184966533784172,0.988838495737174,0.869820210518794,-0.41965396860249,-0.482263724713183,-0.0767712047413032,-0.0110865716397377,-0.51387818193649,-0.0942652991021145,-0.0136632427583132,-0.387289858329013,-0.942705875498693,-1.01725612964819,-0.213303506758573,1.75929507424728,1.42386110601408,-0.92841709901187
0.633759985243151,0.624285854686753,-0.527545395652041,0.127438384876697,-0.521069462372937,-0.69592178773254,0.769401008177283,0.530685442512883,0.530413263164026,-0.35572267702688,0.268055105192458,0.113127417020423,-0.0729624372454309,-0.942705875498693,-1.01725612964819,0.0474717114188241,1.57319159548685,0.212946082952792,-0.92841709901187
-1.31454928230616,-0.838307459613781,0.157612328083696,-0.890579927958413,-0.0188037471620343,-0.60383251468919,1.60384416343759,0.604594854597805,0.629148275777818,0.337728382961411,0.551872755223206,0.406910653093105,1.10103154511494,-0.942705875498693,-1.01725612964819,-1.03849632044321,-0.81858274265641,-1.30069769587381,-0.92841709901187
-1.71507279026926,-1.48096209771553,-0.870124257519909,-1.12550723092036,-1.17787847457181,-1.01823424338427,-1.10809609115842,-1.03628156044734,-1.00923583978229,-0.73286272719595,-0.954776259301724,-0.901197861209469,-0.853100373910708,-0.942705875498693,0.979298811377731,-0.938472949087499,-0.432590342264414,-0.997968940108491,-0.92841709901187
-0.852928968043607,-0.483739383419712,-0.870124257519909,-0.851425377464755,-0.521069462372937,0.178926306179285,-1.31670687997349,-1.04065489844053,-0.981466617484659,-0.7936917675458,-0.991008299731181,-0.904290316326023,-0.81522960028618,1.05674287656708,0.979298811377731,-0.674125467647398,-0.791011856914124,-0.997968940108491,1.07300664721864
-0.425251323947416,-0.284294840560548,-0.641738349607997,-0.264107120059884,-0.366526165384967,-0.97218960686259,0.560790219362205,0.134023686530488,0.132387743564678,0.143075453841891,0.0536821993181692,0.301767179130251,-0.148703984494487,1.05674287656708,0.979298811377731,-0.47407872493597,-0.791011856914124,-0.54387580646051,1.07300664721864
0.905301346574066,0.868051407070175,1.29954186764326,0.127438384876697,1.41072174997669,0.271015579222635,0.560790219362205,0.0378102506802927,0.0120544469416197,0.337728382961411,-0.178806726770848,0.0636481351555505,-0.326696620529769,1.05674287656708,-1.01725612964819,-0.709848100274439,0.952846666285429,1.7265898617794,1.07300664721864
-0.03151635001759,-0.129171307225643,-0.984317211475865,0.0491292838893808,-0.675612759360907,-0.32756469555914,-0.482263724713183,-0.869220049107455,-0.856505117145329,-0.7936917675458,-0.821925444393714,-0.873365765160478,-0.781145904024105,-0.942705875498693,0.979298811377731,-0.284748772012654,-0.756548249736268,-0.846604562225831,-0.92841709901187
-0.642484413012148,-0.306455345322678,-0.755931303563953,-0.694807175490122,-0.752884407854893,-0.69592178773254,1.18662258580744,0.857373790604226,0.937695190195917,-0.148903939837389,0.76926499779995,0.592457960086378,0.665517648432866,1.05674287656708,-1.01725612964819,-0.463361935147858,-0.797904578349696,-0.846604562225831,1.07300664721864
1.44159553520262,1.22261948326424,1.75631368346708,1.10630214721815,2.14480241066955,-0.41965396860249,-0.899485302343339,-0.533785025029729,-0.532530857006325,-0.0515774752776294,-0.544146467767875,-0.319816299297214,-0.675107737875426,-0.942705875498693,0.979298811377731,-0.645547361545765,1.30437545949957,0.969767972366095,-0.92841709901187
1.19041977597153,1.46638503564767,-0.527545395652041,0.47982933931962,1.02436350750676,0.777506580961059,-0.273652935898106,0.172946394669885,0.243464632755194,-0.45304914158664,0.0144308221862572,0.0203537635237868,-0.160065216581845,1.05674287656708,-1.01725612964819,-0.0382626068860735,2.48303082498227,-0.54387580646051,1.07300664721864
-1.62003331380344,-1.52528310723979,-1.09851016543182,-1.63451638733792,-1.64150836553572,-1.15636815294929,-0.899485302343339,-1.07651626998469,-1.04626146951246,-0.81802338368574,-1.036298350268,-0.990879059589551,-0.917480689072406,-0.942705875498693,0.979298811377731,0.147495082774538,-0.687621035380554,-0.997968940108491,1.07300664721864
1.45517260326917,2.04255815946303,0.956963005775389,1.69362040462302,2.26070988341053,0.961685127047759,1.18662258580744,1.95464429309577,2.2227930887473,3.42784363273379,2.24270130859788,2.96437103448372,1.15026355082682,-0.942705875498693,-1.01725612964819,0.14035055624913,-0.708299199687268,-0.0897826728125285,-0.92841709901187
-0.995488182742337,-0.926949478662298,-0.755931303563953,-0.929734478452071,-0.984699353336848,-0.41965396860249,1.39523337462252,0.547741460686326,0.396195355392153,-0.44088333351667,0.473370000959382,-0.0198481529914223,0.461015470860414,1.05674287656708,0.979298811377731,-0.727709416587959,0.325609015648436,0.818403594483434,-0.92841709901187
-0.601753208812511,-0.705344431041005,0.157612328083696,-0.773116276477439,0.328918671060899,-0.741966424254215,-0.899485302343339,-0.886713401080217,-0.881188870298777,-0.5503756061464,-0.885331515145264,-0.731112829798969,-0.777358826661652,1.05674287656708,-1.01725612964819,0.740490784383414,-0.549766606669127,0.667039216600774,1.07300664721864
1.2718821843708,1.08965645469147,0.500191189951564,1.38038400067376,1.02436350750676,-0.69592178773254,-0.690874513528261,-0.278819420026713,-0.279522387183484,-0.209732980187239,-0.15465203315121,-0.322908754413768,-0.641024041613351,1.05674287656708,-1.01725612964819,-0.00253997425903285,2.21421468899499,2.4834117511927,1.07300664721864
0.00242632014877435,-0.350776354846936,-0.0707735798282161,-0.0291798170979353,-0.0960753956560194,-1.06427887990594,-0.273652935898106,-0.570083730373212,-0.612753054755031,-0.47738075772658,-0.523011110850692,-0.604322170020232,-0.74706220776203,-0.942705875498693,-1.01725612964819,-0.24545387612291,-0.784119135478553,-0.54387580646051,-0.92841709901187
-0.601753208812511,-0.771825945327393,-0.755931303563953,-1.24297088240134,-0.55970528661993,-1.15636815294929,-0.690874513528261,-0.96543348495765,-0.947526456898668,-0.76936015140586,-0.975911616218907,-0.879550675393587,-0.879609915447878,-0.942705875498693,0.979298811377731,-0.227592559809389,-0.715191921122839,-0.846604562225831,-0.92841709901187
0.172139670980596,-0.372936859609065,0.04341937412774,-0.53818897351549,-0.366526165384967,0.731461944439384,1.18662258580744,1.28246224354236,1.04105840652598,0.167407069981831,0.654530203106668,0.768727901729988,1.45322973982305,-0.942705875498693,0.979298811377731,1.41207627777178,-0.501517556620127,-0.69524018434317,1.07300664721864
0.335064487779145,-0.151331811987773,-0.984317211475865,-0.3424162210472,-0.327890341137975,0.915640490526084,-0.899485302343339,-0.747641252896754,-0.777825653968714,-0.76936015140586,-0.800790087476531,-0.799146842363169,-0.641024041613351,1.05674287656708,0.979298811377731,-0.1490027680299,2.24178557473727,1.12113235024876,1.07300664721864
-1.49105116717126,-1.34799906914275,-0.755931303563953,-1.36043453388231,-0.907427704842863,-1.06427887990594,0.769401008177283,0.292775855683309,0.258891978476099,0.0579147973521006,0.17445566741636,0.159514243768742,0.165623436589096,1.05674287656708,0.979298811377731,-0.863455420570714,-0.804797299785267,-1.30069769587381,1.07300664721864
1.2718821843708,1.68799008326896,0.956963005775389,1.10630214721815,1.06299933175376,-0.14338614947244,-0.482263724713183,-0.423576907601324,-0.401398418378633,-0.35572267702688,-0.429411673074594,-0.418774863026959,-0.675107737875426,1.05674287656708,0.979298811377731,0.0438994481561201,-0.735870085429554,-0.54387580646051,1.07300664721864
-1.51141676927108,-1.10423351675933,-0.641738349607997,-0.812270826971097,-1.10060682607783,-0.88010033381924,-1.31670687997349,-1.08307627697448,-1.02466318550319,-0.76936015140586,-0.987988963028726,-0.950677143074342,-0.902332379622594,1.05674287656708,0.979298811377731,-0.724137153325255,-0.81858274265641,-0.846604562225831,1.07300664721864
0.253602079379871,0.225396768968425,1.87050663742304,1.14545669771181,1.3334501014827,1.23795294617781,0.14356864173205,0.0286262408945923,0.0429091383834296,0.690536816990541,0.216726381250727,0.277027538197814,0.18455882340136,-0.942705875498693,-1.01725612964819,-0.35976630052944,-0.804797299785267,-0.997968940108491,-0.92841709901187
0.586240247010241,0.934532921356563,1.07115595973134,0.558138440306936,0.251647022566914,-0.281520059037465,1.39523337462252,1.51687315997738,1.72294708738998,0.629707776640691,1.87736156760085,1.16456215664897,1.28659833587512,-0.942705875498693,-1.01725612964819,-0.695559047223622,-0.784119135478553,-0.846604562225831,1.07300664721864
1.00034082303989,1.39990352136128,0.157612328083696,1.53700220264839,1.21754262874173,2.43511349574136,1.18662258580744,1.50112914320189,1.72448982196207,0.714868433130481,1.83509085376648,1.761405994144,2.48710185977266,1.05674287656708,-1.01725612964819,3.24464733153897,0.208432751243722,-0.54387580646051,1.07300664721864
0.993552289006613,0.868051407070175,1.98469959137899,1.18461124820546,1.52662922271767,1.37608685574283,-0.273652935898106,0.0692982842312656,0.143186885569312,0.581044544360811,0.132184953581993,0.44402011449176,0.222429597025888,-0.942705875498693,0.979298811377731,3.31252033353034,-0.101739713356989,0.212946082952792,-0.92841709901187
-0.818986297877243,-0.749665440565263,-0.870124257519909,-0.812270826971097,-0.86879188059587,-0.88010033381924,0.560790219362205,0.551677464880198,0.524242324875664,0.191738686121771,0.43411862382747,0.388355922393778,0.0860948119775868,1.05674287656708,0.979298811377731,-0.520518147351123,-0.784119135478553,-0.241147050695189,1.07300664721864
1.06143762933934,1.17829847373998,1.64212072951113,1.3412294501801,1.71980834395263,1.14586367313446,-0.690874513528261,-0.379843527669417,-0.389056541801909,-0.0515774752776294,-0.387140959240227,-0.217765280450913,-0.398651090416372,1.05674287656708,0.979298811377731,0.147495082774538,-0.756548249736268,-0.0897826728125285,1.07300664721864
-0.513502266379964,-0.372936859609065,0.04341937412774,-0.14664346857891,-0.327890341137975,-0.373609332080815,-1.10809609115842,-1.01266553528411,-0.969124740907935,-0.69636530298604,-0.936660239086995,-0.885735585626696,-0.860674528635614,1.05674287656708,-1.01725612964819,-0.520518147351123,-0.4119121779577,-0.0897826728125285,1.07300664721864
1.23793951420444,1.13397746421573,0.04341937412774,0.67560209178791,1.06299933175376,0.547283398352684,0.352179430547127,0.185629074850138,0.243464632755194,0.167407069981831,0.00537281207889293,0.453297479841424,0.13153974032702,1.05674287656708,-1.01725612964819,-0.391916669893776,-0.728977363993982,-0.69524018434317,1.07300664721864
0.674491189442788,0.624285854686753,-0.755931303563953,0.284056586851329,-0.134711219903012,1.92862249400293,0.560790219362205,0.33475990041794,0.382310744243339,-0.59903883842628,0.141242963689358,-0.0847897104390678,0.582201946458904,1.05674287656708,0.979298811377731,-0.806299208367449,0.959739387721001,-0.0897826728125285,1.07300664721864
-0.404885721847598,-0.505899888181841,1.41373482159921,0.558138440306936,0.483461968048869,2.15884567661131,-0.0650421470830281,-0.763822603471559,-0.783996592257076,-0.0637432833475994,-0.637745905543973,-0.539380612572587,-0.277464614817882,-0.942705875498693,0.979298811377731,-1.03849632044321,-0.81858274265641,-1.30069769587381,-0.92841709901187
1.87606171333209,2.552249768992,2.21308549929091,2.51586596498984,1.71980834395263,-0.32756469555914,-0.899485302343339,-0.319054129564067,-0.208556596867321,-0.41655171737673,-0.299580194869039,-0.400220132327632,-0.641024041613351,-0.942705875498693,0.979298811377731,0.494004619256833,-0.763440971171839,-0.392511428577849,-0.92841709901187
-0.846140434010334,-0.971270488186556,-1.32689607334373,-0.929734478452071,-0.984699353336848,-0.51174324164584,-1.31670687997349,-1.04021756464121,-1.01540677807065,-0.84235499982568,-0.997046973136091,-0.941399777724678,-0.872035760722972,1.05674287656708,0.979298811377731,-0.656264151333878,0.594425151635718,1.12113235024876,1.07300664721864
0.545509042810604,0.424841311827589,0.956963005775389,0.440674788825961,0.522097792295861,1.19190830965613,-0.0650421470830281,0.152391706101889,0.187926188159936,0.568878736290841,0.225784391358091,0.394540832626887,0.44208008404815,1.05674287656708,-1.01725612964819,3.3589597559455,-0.267165027810701,-0.241147050695189,1.07300664721864
0.185716739047142,0.424841311827589,-0.413352441696084,0.8713748442562,-0.25061869264399,0.777506580961059,-1.10809609115842,-0.870532050505412,-0.825650425703519,-0.73286272719595,-0.73738401672498,-0.823886483295605,-0.65238527370071,1.05674287656708,-1.01725612964819,-0.0275458170979613,-0.763440971171839,-0.846604562225831,1.07300664721864
-0.818986297877243,-0.838307459613781,-0.413352441696084,-0.851425377464755,-0.55970528661993,-0.649877151210865,0.97801179699236,0.796584392498876,0.771079856410143,0.301230958751501,0.591124132355118,0.471852210540751,0.176984668676454,-0.942705875498693,-1.01725612964819,-0.481223251461378,-0.804797299785267,-0.997968940108491,-0.92841709901187
0.593028781043514,0.735088378497399,-0.0707735798282161,0.8713748442562,-0.173347044150004,-0.189430785994115,1.60384416343759,0.714365638226891,0.798849078707772,0.179572878051801,0.766245661097495,0.30795208936336,0.301958221637396,-0.942705875498693,-1.01725612964819,-0.18472540065694,-0.763440971171839,-0.997968940108491,-0.92841709901187
-1.38922315667216,-1.23719654533211,-0.299159487740128,-1.12550723092036,-0.907427704842863,-0.926144970340915,-0.273652935898106,-0.81017998619938,-0.819479487415157,-0.47738075772658,-0.7494613635348,-0.653801451885105,-0.656172351063162,1.05674287656708,0.979298811377731,-0.199014453707757,-0.66694287107384,-0.54387580646051,1.07300664721864
1.25830511630426,0.912372416594433,1.07115595973134,1.3412294501801,1.3334501014827,1.05377440009111,-0.0650421470830281,0.393799963326014,0.317515892215538,0.398557423311261,0.458273317447108,0.434742749142096,0.343616072624377,-0.942705875498693,-1.01725612964819,0.286813350019997,-0.777226414042982,-0.392511428577849,-0.92841709901187
-0.520290800413237,-0.52806039294397,1.1853489136873,-0.0683343675915934,0.406190319554884,-0.14338614947244,0.560790219362205,0.706493629839148,0.618349133773184,1.73679631100796,0.651510866404214,1.14291497083309,0.27923575746268,-0.942705875498693,-1.01725612964819,0.686906835442853,-0.487732113748985,-0.392511428577849,1.07300664721864
0.409738362145146,0.447001816589718,1.87050663742304,0.47982933931962,1.64253669545865,0.501238761831009,1.18662258580744,1.38698502157962,1.28018226520001,1.71246469486802,1.14366274890434,1.57585868715073,0.72611088623211,-0.942705875498693,0.979298811377731,-1.03849632044321,-0.81858274265641,-1.30069769587381,-0.92841709901187
-0.445616926047235,-0.350776354846936,0.728577097863477,-0.499034423021832,0.328918671060899,-0.926144970340915,-0.899485302343339,-0.863972043515626,-0.8287358948477,-0.40438590930676,-0.824944781096169,-0.675448637700987,-0.796294213473916,-0.942705875498693,-1.01725612964819,-1.03849632044321,-0.81858274265641,-1.30069769587381,-0.92841709901187
1.22436244613789,1.08965645469147,0.956963005775389,1.57615675314205,0.831184386271802,1.00772976356943,0.560790219362205,0.894984497345666,0.922267844475012,0.289065150681531,1.09535336166506,0.592457960086378,1.19570847917626,-0.942705875498693,-1.01725612964819,-0.0525516599368898,2.08325298171913,0.364310460835453,-0.92841709901187
-1.27381807810652,-1.19287553580785,-1.09851016543182,-1.0863526804267,-1.02333517758384,-0.373609332080815,-1.31670687997349,-1.06776959399831,-1.03083412379156,-0.81802338368574,-1.00912431994591,-0.944492232841233,-0.860674528635614,1.05674287656708,0.979298811377731,0.093911133833977,-0.570444770975841,-1.14933331799115,1.07300664721864
1.50269234150208,1.57718755945831,-0.870124257519909,1.53700220264839,0.328918671060899,1.09981903661278,-0.482263724713183,-0.420515571006091,-0.379800134369366,-0.69636530298604,-0.438469683181958,-0.517733426756705,-0.356993239429391,-0.942705875498693,-1.01725612964819,0.0438994481561201,2.2831419033507,0.818403594483434,-0.92841709901187
0.579451712976968,0.513483330876106,0.842770051819433,0.8713748442562,0.135739549825936,-0.32756469555914,-0.0650421470830281,-0.265262072247822,-0.26718051060676,-0.0880748994875395,-0.184845400175758,-0.20848791510125,-0.406225245141277,-0.942705875498693,0.979298811377731,0.0689052909950486,-0.756548249736268,0.0615817050701319,-0.92841709901187
-1.32133781633944,-1.14855452628359,0.04341937412774,-1.28212543289499,-0.598341110866922,-1.01823424338427,-1.10809609115842,-1.06776959399831,-1.02466318550319,-0.69636530298604,-1.01818233005327,-0.907382771442578,-0.913693611709953,1.05674287656708,-1.01725612964819,-0.320471404639695,-0.777226414042982,-0.846604562225831,1.07300664721864
0.022791922248593,-0.328615850084807,-0.413352441696084,-0.303261670553542,-0.830156056348878,-0.51174324164584,-1.10809609115842,-0.738457243111053,-0.759312839103628,-0.6720336868461,-0.725306669915161,-0.808424207712832,-0.728126820949766,1.05674287656708,0.979298811377731,-0.424067039258113,1.36640995241971,2.4834117511927,1.07300664721864
0.586240247010241,0.890211911832304,0.271805282039652,0.362365687838645,1.02436350750676,0.363104852265984,1.18662258580744,0.324701223033601,0.428592781406053,0.532381312080931,0.252958421680184,0.496591851473187,0.154262204501737,-0.942705875498693,-1.01725612964819,-1.03849632044321,-0.81858274265641,-1.30069769587381,1.07300664721864
0.260390613413143,0.513483330876106,0.728577097863477,0.518983889813278,0.985727683259772,-0.373609332080815,-0.273652935898106,-0.54296903481543,-0.500133430992425,-0.270562020537089,-0.456585703396687,-0.394035222094523,-0.470605560302975,-0.942705875498693,-1.01725612964819,-0.206158980233165,-0.77033369260741,-0.241147050695189,-0.92841709901187
-0.785043627710878,-0.949109983424427,-0.413352441696084,-0.968889028945729,-0.598341110866922,-0.649877151210865,0.352179430547127,0.0688609504319466,-0.0373130593652762,-0.173235555977329,-0.139555349638936,-0.0167556978748678,-0.269890460092977,1.05674287656708,-1.01725612964819,-0.113280135402859,-0.611801099589269,0.212946082952792,-0.92841709901187
-1.32133781633944,-1.19287553580785,-0.984317211475865,-1.16466178141402,-1.44832924430076,-1.34054669903599,-1.31670687997349,-1.07083093059355,-1.03083412379156,-0.80585757561577,-1.01516299335082,-0.978509239123333,-0.940203153247123,-0.942705875498693,0.979298811377731,-0.674125467647398,-0.777226414042982,-0.846604562225831,-0.92841709901187
-0.683215617211785,-0.816146954851651,-0.984317211475865,-1.43874363486963,-0.830156056348878,-0.23547542251579,-0.899485302343339,-1.01179086768547,-0.996893963205564,-0.80585757561577,-1.03025967686309,-0.910475226559132,-0.81522960028618,1.05674287656708,-1.01725612964819,0.633322886502292,-0.494624835184556,-0.392511428577849,1.07300664721864
-0.499925198313418,-0.683183926278875,0.842770051819433,-0.303261670553542,0.0584679013319508,-0.649877151210865,-0.273652935898106,-0.319054129564067,-0.318090751485746,0.252567726471621,-0.34487024540586,-0.131176537187386,-0.375928626241655,1.05674287656708,0.979298811377731,-0.506229094300307,-0.763440971171839,-0.392511428577849,1.07300664721864
0.681279723476061,0.269717778492684,1.87050663742304,0.636447541294252,0.753912737777817,0.593328034874359,-0.899485302343339,-0.687726522390041,-0.714573536513004,-0.185401364047299,-0.637745905543973,-0.505363606290486,-0.553921262276937,-0.942705875498693,-1.01725612964819,-0.670553204384694,1.13205742361028,1.57522548389674,-0.92841709901187
-0.988699648709064,-1.05991250723507,-0.413352441696084,-1.04719812993305,-0.7142485836079,-1.06427887990594,-0.899485302343339,-0.883214730685665,-0.851876913429058,-0.63553626263619,-0.849099474715807,-0.789869477013505,-0.849313296548255,-0.942705875498693,0.979298811377731,0.240373927604844,-0.598015656718126,-0.0897826728125285,-0.92841709901187
-2.60437074862801,-2.3673822882007,-1.32689607334373,-2.14352554375547,-1.98923078375865,-1.89308233729609,-1.10809609115842,-1.14430300887915,-1.10025717953563,-0.81802338368574,-1.07253039069746,-1.00015642493921,-0.970499772146745,1.05674287656708,-1.01725612964819,-0.759859785952296,0.697815973169289,-0.392511428577849,1.07300664721864
-0.201229700849412,-0.306455345322678,-0.755931303563953,-0.733961725983781,-0.984699353336848,0.961685127047759,-0.0650421470830281,-0.301560777591304,-0.313462547769475,-0.52604399000646,-0.544146467767875,-0.406405042560741,0.105030198789851,1.05674287656708,0.979298811377731,1.66213470616106,-0.377448570779843,0.969767972366095,1.07300664721864
-1.30776074827289,-1.43664108819127,-0.184966533784172,-1.12550723092036,-0.636976935113915,-0.0973415129507654,-0.899485302343339,-0.944441462590334,-0.935184580321944,-0.6720336868461,-0.912505545467357,-0.851718579344596,-0.690256047325238,-0.942705875498693,0.979298811377731,0.615461570188771,-0.598015656718126,-0.0897826728125285,-0.92841709901187
-0.710369753344877,-0.727504935803134,-0.641738349607997,-0.655652624996464,-1.10060682607783,-0.69592178773254,-0.899485302343339,-0.908580091046171,-0.867304259149963,-0.74502853526592,-0.8762735050379,-0.919752591908796,-0.819016677648633,1.05674287656708,-1.01725612964819,-0.28117650874995,-0.811690021220838,-0.997968940108491,1.07300664721864
1.17005417387171,1.31126150231276,-0.413352441696084,1.3412294501801,-0.0960753956560194,0.731461944439384,-0.690874513528261,-0.802745311610956,-0.756227369959447,-0.61120464649625,-0.692093966188159,-0.765129836081069,-0.686468969962785,1.05674287656708,-1.01725612964819,0.12248923993561,-0.735870085429554,-0.0897826728125285,1.07300664721864
-0.153709962616502,0.048112730871391,-0.299159487740128,0.244902036357671,-0.25061869264399,-0.41965396860249,-0.0650421470830281,0.15632771029576,0.172498842439031,-0.35572267702688,0.271074441894913,-0.251782286733014,-0.349419084704485,1.05674287656708,-1.01725612964819,-0.224020296546685,-0.77033369260741,-0.54387580646051,1.07300664721864
-0.785043627710878,-0.705344431041005,-0.527545395652041,-0.812270826971097,-0.55970528661993,-1.20241278947096,-0.690874513528261,-0.443256928570682,-0.48470608527152,-0.64770207070616,-0.492817743826144,-0.65070899676855,-0.557708339639389,1.05674287656708,0.979298811377731,-0.313326878114287,-0.797904578349696,-0.846604562225831,1.07300664721864
-0.235172371015776,-0.328615850084807,-0.299159487740128,-0.459879872528174,-0.366526165384967,0.363104852265984,-0.482263724713183,-0.612067775107843,-0.615838523899212,-0.185401364047299,-0.544146467767875,-0.474439055124941,-0.391076935691466,-0.942705875498693,-1.01725612964819,-0.506229094300307,-0.811690021220838,-0.392511428577849,-0.92841709901187
0.973186686906795,0.646446359448882,-1.09851016543182,0.127438384876697,-0.173347044150004,-1.34054669903599,-1.10809609115842,-0.708281210958038,-0.696060721647918,-0.80585757561577,-0.701151976295523,-0.774407201430732,-0.894758224897689,-0.942705875498693,0.979298811377731,-0.106135608877451,2.34517639627084,2.02931861754472,-0.92841709901187
1.14290003773862,0.978853930880821,0.728577097863477,1.96770225807863,-0.0960753956560194,1.09981903661278,-1.10809609115842,-0.734521238917182,-0.730000882233908,-0.40438590930676,-0.583397844899787,-0.740390195148632,-0.603153267988823,-0.942705875498693,0.979298811377731,0.12248923993561,-0.728977363993982,-0.846604562225831,-0.92841709901187
0.74916506380879,0.801569892783787,-1.32689607334373,0.47982933931962,0.0971037255789433,1.74444394791623,0.352179430547127,0.910291180321834,0.689314924089347,-0.68419949491607,0.669626886618942,0.134774602836305,1.01392876577852,1.05674287656708,-1.01725612964819,-0.220448033283981,2.30382006765742,0.969767972366095,1.07300664721864
-0.303057711348505,-0.616702411992488,0.385998235995608,-0.381570771540858,-0.134711219903012,1.00772976356943,-0.0650421470830281,-0.509294332267862,-0.560300079303954,-0.100240707557509,-0.559243151280149,-0.397127677211077,-0.322909543167316,1.05674287656708,0.979298811377731,1.39778722472096,-0.177559649148274,0.667039216600774,1.07300664721864
0.830627472208064,1.22261948326424,0.04341937412774,1.30207489968644,-0.0574395714090268,1.65235467487288,-0.690874513528261,-0.48174230291076,-0.389056541801909,-0.38005429316682,-0.35090891881077,-0.505363606290486,-0.326696620529769,-0.942705875498693,0.979298811377731,-0.145430504767196,-0.742762806865125,-1.14933331799115,-0.92841709901187
-0.615330276879057,-0.5502208977061,-0.299159487740128,-0.459879872528174,-0.40516198963196,-0.51174324164584,1.39523337462252,1.41147571434149,1.26629765405119,0.422889039451201,1.17687545263134,1.18620934246485,1.04043830731569,1.05674287656708,0.979298811377731,-0.831305051206377,0.153290979759152,2.18068299542738,1.07300664721864
0.925666948673885,0.602125349924623,2.09889254533495,1.06714759672449,1.41072174997669,0.639372671396034,-1.31670687997349,-0.926073443018934,-0.905872623452225,-0.47738075772658,-0.843060801310897,-0.749667560498296,-0.777358826661652,-0.942705875498693,0.979298811377731,-0.477650988198674,-0.777226414042982,0.818403594483434,-0.92841709901187
0.226447943246779,0.336199292779072,-0.299159487740128,0.284056586851329,0.135739549825936,-0.0512968764290904,0.352179430547127,0.647890900730393,0.741767899540424,0.118743837701951,0.950425199947236,0.184253884701178,0.392848078336264,-0.942705875498693,-1.01725612964819,-0.745570732901479,0.353179901390721,0.969767972366095,-0.92841709901187
-1.13125886340779,-1.23719654533211,-1.32689607334373,-1.5562072863506,-1.02333517758384,-0.51174324164584,3.48134126277329,4.98361818717964,5.45173654813271,1.10417429136952,5.44621754990239,3.04168241239758,4.94491506800453,1.05674287656708,0.979298811377731,0.829797365951015,-0.522195720926841,-0.392511428577849,1.07300664721864
-1.13804739744107,-1.14855452628359,-0.641738349607997,-0.53818897351549,-1.2551501230658,-0.926144970340915,-0.482263724713183,-0.612505108907162,-0.606582116466669,-0.5503756061464,-0.589436518304697,-0.635246721185778,-0.588004958539012,-0.942705875498693,-1.01725612964819,-0.424067039258113,-0.811690021220838,-0.69524018434317,-0.92841709901187
0.470835168444602,1.02317494040508,-0.641738349607997,0.244902036357671,-0.134711219903012,-0.557787878167515,-0.273652935898106,-0.302435445189942,-0.240954022881222,-0.48954656579655,-0.335812235298496,-0.24250492138335,-0.311548311079957,-0.942705875498693,-1.01725612964819,1.98363839980443,-0.239594142068416,0.0615817050701319,-0.92841709901187
-0.642484413012148,-0.793986450089522,-1.32689607334373,-0.851425377464755,-0.791520232101885,-0.69592178773254,-0.482263724713183,-1.00741752969228,-0.987637555773021,-0.84235499982568,-0.966853606111543,-0.922845047025351,-0.887184070172783,1.05674287656708,-1.01725612964819,-0.620541518706837,1.03555932351229,0.515674838718113,1.07300664721864
-0.900448706276517,-0.683183926278875,-0.755931303563953,-0.773116276477439,-0.86879188059587,-0.373609332080815,0.97801179699236,0.995133937389733,0.980891758214451,-0.25839621246712,0.811535711634316,0.323414364946133,0.540544095471923,-0.942705875498693,0.979298811377731,-0.817015998155561,-0.198237813454988,-0.846604562225831,-0.92841709901187
-0.31663477941505,-0.262134335798419,-0.527545395652041,-0.185798019072568,-0.25061869264399,-0.0973415129507654,-0.482263724713183,-0.552590378400449,-0.583441097885312,-0.31922525281697,-0.55320447787524,-0.428052228376623,-0.470605560302975,-0.942705875498693,0.979298811377731,-0.441928355571633,-0.804797299785267,-0.69524018434317,-0.92841709901187
-1.27381807810652,-1.14855452628359,-0.870124257519909,-1.28212543289499,-1.29378594731279,-1.20241278947096,0.97801179699236,0.0605516082448843,-0.0882233002442625,-0.31922525281697,-0.28750284805922,-0.0816972553225133,-0.235806763830901,-0.942705875498693,-1.01725612964819,0.358258615274078,-0.51530299949127,-0.69524018434317,-0.92841709901187
-1.00227671677561,-0.838307459613781,0.157612328083696,-0.499034423021832,-0.598341110866922,0.13288166965761,1.81245495225267,1.92446826094275,1.73220349482252,2.95337711800496,1.82301350695666,2.46648576071843,2.76355850723172,1.05674287656708,-1.01725612964819,-0.892033526672346,-0.00524161325898965,-0.0897826728125285,-0.92841709901187
0.423315430211692,0.00379172134713246,2.44147140720282,0.793065743268884,1.3334501014827,1.42213149226451,-0.899485302343339,-0.877092057495198,-0.895073481447591,-0.307059444747,-0.782674067261802,-0.68472600305065,-0.59936619062637,-0.942705875498693,-1.01725612964819,-0.0168290273098491,-0.763440971171839,-0.0897826728125285,-0.92841709901187
-0.520290800413237,-0.882628469138039,0.157612328083696,-0.499034423021832,-0.86879188059587,0.178926306179285,2.22967652988283,0.56479747885977,0.334485972508533,0.106578029631981,0.231823064763001,0.153329333535632,0.77912996930645,-0.942705875498693,-1.01725612964819,1.31562516967877,-0.453268506571128,-0.241147050695189,-0.92841709901187
-0.425251323947416,0.048112730871391,-0.299159487740128,-0.381570771540858,-0.0960753956560194,0.22497094270096,0.352179430547127,-0.142808608438482,-0.099022442248896,-0.234064596327179,-0.338831572000951,-0.0260330632245314,0.0520111157155116,-0.942705875498693,-1.01725612964819,-0.141858241504492,-0.756548249736268,-0.69524018434317,-0.92841709901187
1.38728726293644,1.15613796897786,1.87050663742304,2.94656602042008,0.869820210518794,2.20489031313298,0.14356864173205,0.618152202376696,0.709370473526523,0.410723231381231,1.51202182660382,0.267750172848151,1.69560269102003,-0.942705875498693,-1.01725612964819,0.483287829468721,-0.791011856914124,-0.392511428577849,-0.92841709901187
0.104254330647867,-0.151331811987773,0.728577097863477,0.401520238332303,0.251647022566914,2.34302422269801,2.64689810751298,3.00468274526085,2.7581219852627,5.82450782251788,3.46553267309206,4.1085794276089,4.0966097388151,-0.942705875498693,0.979298811377731,-1.03849632044321,-0.81858274265641,-1.30069769587381,-0.92841709901187
-0.187652632782866,-0.572381402468229,1.07115595973134,-0.499034423021832,0.328918671060899,-0.281520059037465,-0.482263724713183,-0.38815286985648,-0.48470608527152,0.556712928220871,-0.372044275727953,-0.097159530905286,-0.391076935691466,-0.942705875498693,0.979298811377731,-1.03849632044321,-0.81858274265641,-1.30069769587381,-0.92841709901187
0.55908611087715,0.823730397545916,-0.0707735798282161,-0.14664346857891,0.947091859012779,-0.0512968764290904,0.769401008177283,0.572669487247513,0.585951707759284,-0.0272458591376894,0.147281637094267,0.515146582172515,0.0898818893400396,1.05674287656708,-1.01725612964819,-0.724137153325255,0.587532430200147,1.12113235024876,-0.92841709901187
-1.07016205710834,-0.705344431041005,-0.755931303563953,-0.773116276477439,-0.482433638125945,-1.29450206251431,-0.273652935898106,-0.76338526967224,-0.753141900815266,-0.69636530298604,-0.782674067261802,-0.72492791956586,-0.682681892600332,-0.942705875498693,-1.01725612964819,-0.881316736884234,-0.81858274265641,-1.14933331799115,-0.92841709901187
-1.34849195247253,-1.23719654533211,-0.413352441696084,-0.929734478452071,-0.946063529089855,-1.11032351642762,0.97801179699236,1.08303803105287,0.926896048191283,-0.161069747907359,0.850787088766228,0.354338916111678,0.75262042776928,-0.942705875498693,-1.01725612964819,-0.484795514724082,-0.797904578349696,-0.997968940108491,-0.92841709901187
-0.377731585714506,-0.395097364371195,-0.0707735798282161,-0.185798019072568,-0.25061869264399,0.0868370331359346,0.560790219362205,-0.161613961809202,-0.166902763420878,-0.31922525281697,-0.199942083688031,-0.177563363935704,0.0330757289032476,-0.942705875498693,-1.01725612964819,-0.824160524680969,0.394536230004149,-0.392511428577849,-0.92841709901187
0.810261870108246,0.602125349924623,-0.413352441696084,-0.107488918085251,-0.289254516890982,0.501238761831009,0.352179430547127,0.310706541455391,0.266605651336551,-0.36788848509685,0.0476435259132597,-0.143546357653604,0.135326817689473,1.05674287656708,0.979298811377731,0.272524296969181,2.45545993923999,1.57522548389674,1.07300664721864
-0.62211881091233,-0.882628469138039,-1.09851016543182,-0.890579927958413,-1.13924265032482,-0.78801106077589,-1.31670687997349,-1.02578554926368,-1.00923583978229,-0.81802338368574,-0.994027636433636,-0.953769598190896,-0.894758224897689,-0.942705875498693,-1.01725612964819,-0.731281679850663,0.215325472679294,0.969767972366095,-0.92841709901187
0.626971451209878,0.247557273730555,-0.413352441696084,0.0882838343830389,-0.7142485836079,-0.926144970340915,-0.0650421470830281,0.306333203462201,0.246550101899375,-0.40438590930676,0.0114114854838025,-0.155916178119822,-0.360780316791844,1.05674287656708,0.979298811377731,-0.484795514724082,1.73861690994056,3.08886926272334,1.07300664721864
-1.88478614110108,-1.79120916438534,-0.984317211475865,-1.83028913980621,-1.60287254128873,-1.66285915468771,-0.690874513528261,-1.05771091661397,-1.03854779665201,-0.80585757561577,-1.04233702367291,-0.981601694239887,-0.932628998522217,1.05674287656708,-1.01725612964819,-0.35976630052944,-0.804797299785267,0.0615817050701319,1.07300664721864
-0.873294570143426,-0.882628469138039,-0.755931303563953,-0.499034423021832,-0.366526165384967,0.915640490526084,-0.273652935898106,-0.741955913505606,-0.746970962526904,-0.64770207070616,-0.704171312997978,-0.700188278633423,-0.334270775254674,1.05674287656708,-1.01725612964819,-0.391916669893776,-0.797904578349696,-0.997968940108491,1.07300664721864
1.51626940956862,1.55502705469618,0.271805282039652,0.518983889813278,0.947091859012779,0.22497094270096,-0.273652935898106,0.213618438006558,0.277404793341185,0.0579147973521006,0.400905920100468,0.0450934044562232,-0.0691753598829781,1.05674287656708,-1.01725612964819,0.0653330277323445,2.5726362036447,-0.54387580646051,1.07300664721864
-0.0654590201839543,-0.483739383419712,-1.21270311938778,-0.655652624996464,-0.907427704842863,-0.23547542251579,-0.690874513528261,-0.685977187192765,-0.70223165993628,-0.80585757561577,-0.80682876088144,-0.802239297479723,-0.697830202050143,1.05674287656708,-1.01725612964819,-0.313326878114287,1.72483146706942,1.12113235024876,1.07300664721864
-1.32812635037271,-1.12639402152146,-0.413352441696084,-0.890579927958413,-1.02333517758384,-1.06427887990594,-0.899485302343339,-0.876654723695879,-0.851876913429058,-0.63553626263619,-0.794751414071621,-0.854811034461151,-0.750849285124482,1.05674287656708,-1.01725612964819,-0.888461263409642,-0.170666927712702,0.667039216600774,1.07300664721864
-0.146921428583229,-0.151331811987773,0.500191189951564,-0.185798019072568,0.135739549825936,-0.88010033381924,-1.31670687997349,-0.995172183311346,-0.958325598903302,-0.64770207070616,-0.93967957578945,-0.851718579344596,-0.902332379622594,-0.942705875498693,0.979298811377731,-0.324043667902399,-0.77033369260741,-0.392511428577849,-0.92841709901187
0.375795691978782,0.114594245157779,0.956963005775389,0.166592935370355,0.213011198319921,1.23795294617781,0.97801179699236,1.17662746410715,0.997861838507446,1.04334525101967,1.06214065793806,1.01921676617091,1.79785377980625,-0.942705875498693,0.979298811377731,-1.03849632044321,-0.81858274265641,-1.30069769587381,-0.92841709901187
0.98676375497334,0.912372416594433,-0.527545395652041,0.714756642281568,-0.173347044150004,0.0407923966142596,-1.31670687997349,-0.922137438825062,-0.884274339442958,-0.75719434333589,-0.87023483163299,-0.876458220277032,-0.826590832373538,1.05674287656708,0.979298811377731,-0.127569188453675,2.2831419033507,1.27249672813142,1.07300664721864
-0.785043627710878,-0.993430992948686,-0.984317211475865,-1.16466178141402,-0.7142485836079,-1.15636815294929,0.560790219362205,0.0106955551225105,-0.0851378311000815,-0.38005429316682,-0.139555349638936,-0.220857735567468,-0.213084299656185,-0.942705875498693,0.979298811377731,-0.556240779978164,0.952846666285429,-0.241147050695189,-0.92841709901187
0.803473336074973,1.22261948326424,-0.299159487740128,1.06714759672449,-0.211982868396997,0.961685127047759,1.18662258580744,1.91528425115705,2.00063931036627,1.01901363487973,2.05852176974814,1.53565677063552,1.04043830731569,-0.942705875498693,-1.01725612964819,0.218940348028619,-0.756548249736268,-1.14933331799115,-0.92841709901187
0.735587995742244,0.203236264206296,1.98469959137899,-0.0291798170979353,1.41072174997669,0.0868370331359346,-0.273652935898106,-0.396899545842861,-0.478535146983158,0.374225807171321,-0.474701723611415,-0.168285998586041,-0.398651090416372,-0.942705875498693,0.979298811377731,3.37682107225902,-0.143096041970417,1.42386110601408,-0.92841709901187
-1.24666394197343,-0.926949478662298,-0.755931303563953,-1.36043453388231,-0.907427704842863,-1.29450206251431,-0.899485302343339,-1.0354068928487,-0.990723024917202,-0.78152595947583,-1.00912431994591,-0.925937502141905,-0.928841921159764,-0.942705875498693,0.979298811377731,-0.0346903436233695,-0.673835592509411,-0.846604562225831,-0.92841709901187
0.803473336074973,0.71292787373527,0.500191189951564,0.714756642281568,0.985727683259772,0.869595854004409,-0.690874513528261,-0.842980021148311,-0.8287358948477,-0.57470722228634,-0.809848097583895,-0.694003368400314,-0.659959428425615,1.05674287656708,-1.01725612964819,3.67689118632616,0.325609015648436,1.27249672813142,1.07300664721864
0.389372760045328,0.0924337403956496,0.728577097863477,-0.0291798170979353,0.0971037255789433,-0.281520059037465,-1.10809609115842,-0.864846711114264,-0.867304259149963,-0.5503756061464,-0.861176821525626,-0.789869477013505,-0.800081290836369,-0.942705875498693,0.979298811377731,-0.641975098283061,0.739172301782717,0.364310460835453,-0.92841709901187
1.20399684403807,0.823730397545916,0.61438414390752,0.440674788825961,0.638005265036839,-0.926144970340915,-1.10809609115842,-0.798809307417085,-0.790167530545438,-0.58687303035631,-0.770596720451983,-0.755852470731405,-0.834164987098444,1.05674287656708,-1.01725612964819,0.104627923622089,2.38653272488427,3.54296239637132,1.07300664721864
0.857781608341156,1.13397746421573,-0.984317211475865,1.06714759672449,-0.0574395714090268,0.271015579222635,-0.273652935898106,-0.454190273553659,-0.456936862973891,-0.70853111105601,-0.432431009777049,-0.561027798388468,-0.368354471516749,-0.942705875498693,0.979298811377731,-0.338332720953215,1.62144064553585,0.969767972366095,-0.92841709901187
1.04107202723952,0.757248883259528,1.07115595973134,0.127438384876697,1.14027098024774,-0.834055697297565,2.22967652988283,2.66837305358449,2.87074160902531,2.45457898713619,2.34535875648134,2.99529558564926,0.824574897655883,1.05674287656708,0.979298811377731,3.10532906429351,-0.453268506571128,-0.241147050695189,1.07300664721864
0.240025011313325,-0.262134335798419,-1.32689607334373,-0.420725322034516,-0.598341110866922,1.09981903661278,-0.690874513528261,-0.851289363335373,-0.885817074015049,-0.83018919175571,-0.885331515145264,-0.848626124228042,-0.610727422713729,1.05674287656708,-1.01725612964819,-0.220448033283981,1.97986216018556,2.02931861754472,1.07300664721864
0.335064487779145,-0.107010802463514,-0.413352441696084,-0.0683343675915934,-0.7142485836079,0.501238761831009,-1.10809609115842,-0.940505458396463,-0.924385438317311,-0.74502853526592,-0.900428198657538,-0.901197861209469,-0.765997594574294,-0.942705875498693,0.979298811377731,-0.00611223752173692,1.98675488162113,-0.392511428577849,-0.92841709901187
0.84420454027461,0.314038788016943,-1.21270311938778,0.47982933931962,-0.25061869264399,0.455194125309334,-0.690874513528261,-0.411768895019709,-0.492419758131972,-0.69636530298604,-0.453566366694232,-0.570305163738132,-0.398651090416372,-0.942705875498693,0.979298811377731,-0.291893298538063,1.74550963137614,1.27249672813142,-0.92841709901187
1.55700061376826,2.26416320708432,-0.641738349607997,1.41953855116741,0.174375374072928,0.823551217482734,-0.273652935898106,0.180381069258309,0.23112275617847,-0.61120464649625,0.177475004118815,-0.31053893394755,0.0520111157155116,1.05674287656708,0.979298811377731,0.272524296969181,2.15907291751042,1.12113235024876,1.07300664721864
1.07501469740589,1.35558251183702,0.61438414390752,1.30207489968644,0.831184386271802,0.547283398352684,0.14356864173205,0.228925120982725,0.183297984443665,-0.100240707557509,0.268055105192458,0.0358160391065596,0.426931774598339,-0.942705875498693,-1.01725612964819,0.215368084765915,2.22800013186613,1.27249672813142,-0.92841709901187
-0.832563365943789,-0.705344431041005,-0.984317211475865,-0.499034423021832,-1.02333517758384,-0.97218960686259,0.14356864173205,0.000199543938852844,-0.100565176820986,-0.25839621246712,-0.112381319316843,-0.0940670757887315,-0.307761233717505,-0.942705875498693,-1.01725612964819,-0.659836414596582,0.173969144065866,-0.241147050695189,-0.92841709901187
1.28545925243735,0.978853930880821,1.29954186764326,0.558138440306936,0.908456034765787,0.547283398352684,-0.273652935898106,0.0469942604659931,-0.0558258742303621,0.775697473480331,0.0234888322936216,0.165699154001851,0.230003751750793,-0.942705875498693,0.979298811377731,0.0867666073085689,-0.749655528300696,-0.392511428577849,-0.92841709901187
1.923581451565,2.33064472137071,-0.184966533784172,1.41953855116741,0.522097792295861,-0.649877151210865,-0.690874513528261,-0.498360987284885,-0.4229967023879,-0.65986787877613,-0.498856417231054,-0.598137259787123,-0.648598196338257,-0.942705875498693,-1.01725612964819,0.0117490787917834,2.24867829617284,0.667039216600774,-0.92841709901187
-0.241960905049049,-0.107010802463514,-0.984317211475865,-0.264107120059884,-0.907427704842863,0.593328034874359,0.14356864173205,-0.332611477342958,-0.353573646643828,-0.73286272719595,-0.465643713504051,-0.520825881873259,-0.235806763830901,1.05674287656708,0.979298811377731,-0.291893298538063,0.877026730494144,-0.846604562225831,1.07300664721864
-0.9547569785427,-0.838307459613781,-1.21270311938778,-1.12550723092036,-1.10060682607783,-0.51174324164584,-0.690874513528261,-0.773881280855898,-0.774740184824533,-0.73286272719595,-0.840041464608443,-0.768222291197623,-0.659959428425615,1.05674287656708,-1.01725612964819,-0.749142996164183,0.19464730837258,-0.69524018434317,1.07300664721864
1.61809742006772,2.28632371184645,0.271805282039652,2.04601135906594,0.290282846813906,0.501238761831009,-0.482263724713183,-0.128376593060953,0.0737638298252395,-0.51387818193649,-0.0278398916481095,-0.31053893394755,-0.254742150643165,1.05674287656708,0.979298811377731,0.165356399088058,-0.687621035380554,-0.69524018434317,1.07300664721864
-0.941179910476154,-0.882628469138039,-0.413352441696084,-1.12550723092036,-0.830156056348878,-0.557787878167515,-0.0650421470830281,-0.577518404961636,-0.591154770745764,-0.45304914158664,-0.683035956080795,-0.517733426756705,-0.500902179202597,1.05674287656708,0.979298811377731,-0.709848100274439,-0.784119135478553,-0.846604562225831,-0.92841709901187
1.05464909530607,0.735088378497399,-1.09851016543182,-0.264107120059884,0.367554495307891,1.46817612878618,0.14356864173205,0.220615778795663,0.234208225322651,-0.64770207070616,0.18049434082127,0.0574632249224414,0.373912691524,1.05674287656708,-1.01725612964819,0.218940348028619,2.03500393167013,0.0615817050701319,1.07300664721864
0.789896268008427,0.269717778492684,0.61438414390752,-0.0683343675915934,-0.289254516890982,-0.926144970340915,-0.690874513528261,-0.756825262682454,-0.763941042819899,-0.57470722228634,-0.770596720451983,-0.774407201430732,-0.78872005874901,-0.942705875498693,0.979298811377731,-0.788437892053928,0.173969144065866,0.364310460835453,-0.92841709901187
-2.61115928266128,-2.30090077391431,-1.21270311938778,-2.06521644276815,-1.87332331101768,-1.84703770077441,-1.31670687997349,-1.15392435246417,-1.10797085239608,-0.83018919175571,-1.08460773750728,-1.01252624540543,-0.981861004234103,1.05674287656708,0.979298811377731,1.433509857348,-0.336092242166415,-0.0897826728125285,-0.92841709901187
-1.34849195247253,-1.43664108819127,-1.09851016543182,-1.20381633190768,-1.33242177155978,-0.97218960686259,-0.0650421470830281,-0.788750630032746,-0.776282919396623,-0.69636530298604,-0.773616057154438,-0.715650554216196,-0.716765588862407,1.05674287656708,-1.01725612964819,-0.57052983302898,-0.777226414042982,-1.14933331799115,1.07300664721864
-1.4299543608718,-1.34799906914275,-0.184966533784172,-1.32127998338865,-0.86879188059587,-0.78801106077589,-0.273652935898106,-0.665422498624769,-0.719201740229275,-0.33139106088694,-0.701151976295523,-0.591952349554014,-0.584217881176559,-0.942705875498693,0.979298811377731,0.0296103951053038,-0.728977363993982,-0.54387580646051,-0.92841709901187
-1.29418368020634,-1.03775200247294,-0.870124257519909,-1.47789818536328,-1.13924265032482,-1.75494842773106,2.02106574106775,0.613778864383505,0.652289294359175,0.167407069981831,0.382789899885739,0.496591851473187,-0.0616012051580725,-0.942705875498693,0.979298811377731,-0.402633459681889,-0.508410278055699,-0.69524018434317,-0.92841709901187
0.722010927675698,0.868051407070175,-0.184966533784172,0.0491292838893808,0.0198320770849583,0.547283398352684,-0.0650421470830281,0.0937889769931334,0.152443293001855,-0.0759090914175694,-0.163710043258574,0.0296311288734505,-0.326696620529769,1.05674287656708,-1.01725612964819,1.85503692234708,-0.136203320534845,1.42386110601408,1.07300664721864
1.18363124193825,0.668606864211011,-1.21270311938778,0.0491292838893808,0.290282846813906,-0.32756469555914,-0.899485302343339,-0.550403709403854,-0.563385548448135,-0.75719434333589,-0.640765242246428,-0.523918336989814,-0.656172351063162,1.05674287656708,-1.01725612964819,-0.563385306503572,1.73861690994056,1.7265898617794,1.07300664721864
0.253602079379871,0.114594245157779,-0.755931303563953,0.832220293762542,0.0198320770849583,1.60631003835121,-0.482263724713183,-0.486115640903951,-0.501676165564515,-0.63553626263619,-0.408276316157411,-0.561027798388468,-0.262316305368071,-0.942705875498693,0.979298811377731,-0.466934198410562,1.18030647365928,0.364310460835453,-0.92841709901187
-1.57251357557053,-1.4588015929534,-0.984317211475865,-1.47789818536328,-1.44832924430076,-1.20241278947096,0.560790219362205,0.624712209366482,0.660002967219628,-0.148903939837389,0.657549539809123,0.100757596554205,0.551905327559281,1.05674287656708,0.979298811377731,-0.806299208367449,-0.81858274265641,-1.30069769587381,1.07300664721864
-1.87799760706781,-1.68040664057469,-0.870124257519909,-1.59536183684426,-1.02333517758384,-1.34054669903599,2.4382873186979,2.50962088443167,2.59150665147693,2.10177055310706,2.07361845326041,3.14682588636044,2.11596827825229,1.05674287656708,0.979298811377731,-0.441928355571633,-0.694513756816125,-0.392511428577849,1.07300664721864
-0.846140434010334,-0.86046796437591,-0.870124257519909,-0.773116276477439,-0.791520232101885,-0.41965396860249,-0.690874513528261,-0.567897061376617,-0.566471017592316,-0.46521494965661,-0.54716580447033,-0.564120253505023,-0.387289858329013,1.05674287656708,-1.01725612964819,-0.563385306503572,0.373858065697435,0.0615817050701319,1.07300664721864
0.518354906677512,0.0924337403956496,0.728577097863477,-0.185798019072568,0.753912737777817,0.13288166965761,-0.0650421470830281,0.163325051084865,0.07530656439733,0.495883887871021,-0.0701106054824763,0.233733166566051,-0.0805365919703365,1.05674287656708,-1.01725612964819,-0.70270357374903,1.04245204494786,1.12113235024876,1.07300664721864
1.33297899067026,0.69076736897314,-1.32689607334373,1.53700220264839,-0.86879188059587,0.869595854004409,-1.10809609115842,-0.621689118692862,-0.637436807908479,-0.83018919175571,-0.48375973371878,-0.808424207712832,-0.569069571726748,1.05674287656708,-1.01725612964819,0.0331826583680079,-0.735870085429554,0.0615817050701319,1.07300664721864
1.40086433100299,1.73231109279322,0.842770051819433,2.04601135906594,1.79707999244662,1.51422076530786,-0.273652935898106,0.0308129098911876,0.0475373420997011,-0.00291424299774942,0.114068933367265,0.110034961903869,0.0974560440649452,1.05674287656708,-1.01725612964819,3.183918856073,-0.15688148484156,0.667039216600774,1.07300664721864
-0.296269177315232,-0.594541907230358,-0.755931303563953,-0.694807175490122,-0.289254516890982,-0.189430785994115,-0.0650421470830281,-0.170360637795584,-0.240954022881222,-0.34355686895691,-0.248251470927308,-0.227042645800577,-0.0540270504331669,1.05674287656708,-1.01725612964819,-0.431211565783521,1.13895014504586,-0.846604562225831,1.07300664721864
-0.112978758416864,0.358359797541201,-1.21270311938778,0.47982933931962,-0.946063529089855,-0.23547542251579,-0.0650421470830281,-0.385966200859884,-0.333518097206651,-0.76936015140586,-0.269386827844491,-0.635246721185778,-0.250955073280713,1.05674287656708,-1.01725612964819,-0.374055353580256,1.18030647365928,1.27249672813142,1.07300664721864
1.1972083100048,2.19768169279793,-0.413352441696084,2.04601135906594,0.753912737777817,2.94160449747978,-0.482263724713183,0.052679599857141,0.394652620820063,-0.45304914158664,0.340519186051372,-0.0260330632245314,0.593563178546262,-0.942705875498693,-1.01725612964819,-0.606252465656021,1.02177388064114,1.57522548389674,-0.92841709901187
0.0295804562818658,0.203236264206296,-0.0707735798282161,0.440674788825961,-0.40516198963196,-0.32756469555914,-1.31670687997349,-0.983801504529051,-0.933641845749854,-0.70853111105601,-0.891370188550174,-0.89501295097636,-0.856887451273161,1.05674287656708,0.979298811377731,2.32657567302402,-0.322306799295272,0.364310460835453,1.07300664721864
1.28545925243735,1.42206402612341,1.1853489136873,1.06714759672449,1.8743516409406,0.731461944439384,-1.31670687997349,-0.902894751655023,-0.848791444284877,-0.57470722228634,-0.843060801310897,-0.712558099099641,-0.769784671936746,-0.942705875498693,0.979298811377731,3.32680938658116,0.139505536888009,0.969767972366095,-0.92841709901187
0.633759985243151,0.424841311827589,-0.527545395652041,0.401520238332303,-0.134711219903012,-0.189430785994115,-0.482263724713183,0.0198795649082109,0.129302274420497,-0.45304914158664,0.0536821993181692,-0.0600500695066314,-0.463031405578069,1.05674287656708,-1.01725612964819,0.12248923993561,-0.756548249736268,-0.846604562225831,1.07300664721864
0.599817315076787,0.624285854686753,-0.755931303563953,0.832220293762542,-0.0574395714090268,2.43511349574136,0.97801179699236,1.24791287339615,1.2169301477443,-0.36788848509685,1.61769861118974,0.372893646811005,2.32804461054965,-0.942705875498693,-1.01725612964819,0.0796220807831608,1.80754412429628,1.7265898617794,-0.92841709901187
0.484412236511148,0.40268080706546,-0.984317211475865,0.244902036357671,-0.327890341137975,0.501238761831009,-0.273652935898106,-0.418766235808815,-0.446137720969257,-0.75719434333589,-0.435450346479503,-0.734205284915523,-0.432734786678447,-0.942705875498693,0.979298811377731,-0.906322579723163,-0.0397052204368464,-0.241147050695189,-0.92841709901187
1.14968857177189,0.801569892783787,-0.299159487740128,1.18461124820546,0.328918671060899,1.69839931139456,0.14356864173205,0.23635979557115,0.207981737597113,0.337728382961411,0.328441839241553,0.277027538197814,0.271661602737774,-0.942705875498693,-1.01725612964819,3.65545760674993,0.084363765403438,0.515674838718113,-0.92841709901187
1.54342354570172,1.37774301659915,-0.299159487740128,0.8713748442562,-0.289254516890982,-0.465698605124165,0.769401008177283,0.984200592406756,1.13362248085141,-0.47738075772658,1.24933953349026,0.0822028658548778,-0.0426658183458085,-0.942705875498693,0.979298811377731,0.418987090740047,-0.791011856914124,-0.846604562225831,-0.92841709901187
