"","vbeta_0","vbeta_1","vu_1","vu_2","vu_3","vu_4","vu_5","vu_6","vu_7","vu_8","vu_9","vu_10","vu_11","vu_12","vu_13","vu_14","vu_15","vu_16","vu_17","vu_18","vu_19","vu_20","vu_21","vu_22","vu_23","vu_24","vu_25","vu_26","vu_27","vu_28","vu_29","vu_30","vu_31","vu_32","vu_33","vu_34","vu_35","vu_36","vu_37","vu_38","sigma2_vu_1","sigma2_vu_2","rho"
"1",0.873223729913901,0.890392461805923,0.862482100386857,0.904170096895021,0.863023714990696,0.950605259021393,0.899322857901914,0.938605000727657,0.874282475272739,0.860983875958293,0.917686409098865,0.899947795689784,0.705371024941718,0.775814978976344,0.844378088551159,0.864839163953593,0.904888274252114,0.906303360379762,0.84998088588301,0.884032888143989,0.933213413486059,0.91168094662612,0.92437664931706,0.919988057455425,0.887691073851169,0.934833014788284,0.887256552527338,0.848638698278495,0.890821473106523,0.913932550465118,0.886654678066835,0.898264960632423,0.90323591642068,0.892735150705064,0.899354089697351,0.924559901526892,0.929487313672045,0.925307339839646,0.882757051541847,0.867109500036727,0.726575938401665,0.689678164218088,0.929153981018776
"2",0.883576947904313,0.793792677729368,0.786556343784916,0.480226642185308,0.923492926687653,0.833640004107465,0.878595305186516,0.774796940427493,0.837821982458238,0.798479712974032,0.827721207155333,0.732052462579714,0.880639310080824,0.871926804963359,0.808396103840801,0.708162914948078,0.888542984419689,0.837767180038339,0.891337638232203,0.915890596765052,0.889160909576449,0.901011382967677,0.655372001825632,0.333477635257777,0.84332504822492,0.809427235181917,0.9022546595954,0.890134833107751,0.850024784483678,0.803225209650345,0.946516289728713,0.946509783228907,0.874190757144375,0.770726050090125,0.776921983028749,0.629012937800415,0.852159134657095,0.750915037164042,0.364759341535702,0.339814415913502,0.687109175844198,0.682808613659751,0.988060705680257
"3",0.821596411739646,0.843845675185426,0.88568033597736,0.85981941957477,0.847963340389187,0.89428391294139,0.293391131844023,0.258355768695092,0.851404260100506,0.882695870560428,0.897058948182626,0.891433653514188,0.822709849149937,0.870821594936702,0.863757237095698,0.885111079154745,0.88617520968083,0.919487753107784,0.822050577930418,0.81309435778972,0.854227497092825,0.89946335457509,0.775070841014063,0.794761326145723,0.865520460772276,0.859390457668021,0.881903243999647,0.8804219078583,0.832565504027117,0.876861176200732,0.592426218189017,0.55396582467424,0.641806449120839,0.646818281882378,0.834718628174442,0.850146458229534,0.803530035185742,0.800663314247627,0.866416015923017,0.879725732139847,0.697018808181792,0.508370248915507,0.928447547178764
"4",0.499511215706262,0.499510916463412,0.499510973127083,0.49951083387391,0.499510871049949,0.499510888731649,0.499511110200263,0.499510931615644,0.499510924313057,0.499510814917014,0.499510856315133,0.499510881902597,0.499510691364178,0.499510725774724,0.499510889737084,0.499510822527574,0.499511083073644,0.499510864045468,0.49951086335382,0.499510741659415,0.499510935740454,0.499510837812818,0.499510797312806,0.499510791642732,0.499510921270198,0.499510986715151,0.499510873186061,0.499510911253692,0.499511191271014,0.499510796073667,0.499510856524507,0.499510763457534,0.499510861268322,0.499510897970444,0.499510926960908,0.499510840655614,0.499510930354078,0.499510819403505,0.499511104876513,0.499510921587801,0.704557708293328,0.605227649242936,0.969412576085323
"5",0.93317074208705,0.878209809656721,0.973445798717808,0.795089305618482,0.928422777889531,0.934008124127291,0.865391389784544,0.879081880285268,0.899515712339382,0.885643385800163,0.868463515792843,0.838928247923801,0.924221715848266,0.854150478341246,0.838525262734733,0.86949992242299,0.682583606683021,0.620406975312341,0.888909710312763,0.86085194638288,0.849929767042178,0.73702990378071,0.907388747813677,0.8961977332828,0.86622699420919,0.844510200107286,0.91746830855839,0.899940211239755,0.853166763364991,0.915302238274057,0.824277029860929,0.746311069012621,0.865605446993114,0.894460864249856,0.92623609859529,0.907031150067392,0.850429560167873,0.857677423907512,0.839381712494563,0.81256663084791,0.5599550269467,0.627316445751955,0.983093730612297
"6",0.774667088885306,0.295527859447244,0.834687792910269,0.643596311426927,0.825097091160579,0.472012039777917,0.840825310038357,0.592538021102884,0.777573715516825,0.615161836327332,0.703127129336418,0.587729001172697,0.626817654309932,0.502648893583528,0.798371862751245,0.672531559074264,0.78834744554178,0.407108465320771,0.805374661434601,0.530618858047537,0.841945574621172,0.796974651467083,0.808789498702252,0.645576578528863,0.71019438045445,0.568049084894054,0.783076688182542,0.369215644556378,0.801482102425999,0.571879059513422,0.742053854894285,0.581060767343033,0.75763550615152,0.717994316304527,0.756984883329637,0.651327639794898,0.853721217269449,0.709199330315782,0.808705299973626,0.613459524100129,0.614027515152137,0.69743936143723,0.914393989617793
"7",0.876462923735023,0.882196144204148,0.834094530148236,0.796737839251792,0.876301971608044,0.897746200352346,0.877755829942883,0.822532698048735,0.856511054180579,0.875563472094435,0.913891352364712,0.920722951887128,0.725431776317308,0.373615251016824,0.900808854998885,0.908263036236642,0.902599493571891,0.936431394226868,0.873501284314147,0.898668172382201,0.922559700815285,0.928861950516354,0.898702123939706,0.895027014581809,0.884647009908857,0.857060390678936,0.917740384426072,0.870962637913805,0.917019683675484,0.850527528121061,0.799717247021973,0.685332798608182,0.901296986274494,0.946469491904242,0.904788874246316,0.938005225683204,0.894872722584394,0.901503935835709,0.891343877584691,0.887483090653762,0.408062715912297,0.666309766795425,0.79906785537296
"8",0.893776350603439,0.927839848193745,0.831290671772695,0.832238644465208,0.903238727410135,0.861967392058751,0.828487494854574,0.890893673314355,0.891786340285906,0.947894413728516,0.884350063611581,0.940098826269835,0.881609335621385,0.704881934802556,0.895809183051825,0.954849782663665,0.829631650967798,0.776709550570783,0.839127513375357,0.683894821081986,0.928668077574138,0.919069807122017,0.868816520842326,0.900713776791765,0.761248414707202,0.798521226384765,0.883389716128387,0.896579639989337,0.934389800466493,0.952681048430162,0.838573871929307,0.771834548549851,0.853475612363957,0.952565667426815,0.813708454710552,0.702859395996834,0.772197147505495,0.336960003363855,0.837375608132091,0.865269481813682,0.716256273658475,0.611849532548463,0.953194554362175
"9",0.952182682360327,0.922137185138324,0.857907560856959,0.846933727277769,0.73087761104051,0.83845519983343,0.864984438541478,0.889571844783056,0.725451219319847,0.774463187970635,0.843420254434972,0.92630135901561,0.906032638742047,0.924487098853465,0.828641809894121,0.838333062412474,0.734581667133056,0.541375003449894,0.860087176627397,0.917123974231309,0.86286236033477,0.856381912624449,0.898756820981842,0.955271878464435,0.899606249889151,0.880810499276104,0.842593124986534,0.915765889045344,0.901293036074657,0.912035438808995,0.790436943008027,0.586615819389883,0.577568687761254,0.306307291794275,0.956376705584009,0.925409391083564,0.901336048271613,0.873918850573892,0.844434895388305,0.926052541716345,0.638425406681088,0.739750595185027,0.945625821217143
"10",0.822009088378781,0.899368711284885,0.690567898461131,0.680154266595021,0.857552552248462,0.923145837952024,0.876703855234741,0.911951435348412,0.819745124528638,0.923853549684914,0.741976633230976,0.821826548722179,0.872269789291038,0.925379108368055,0.892266776063688,0.942550290671499,0.8141216272556,0.857277818859469,0.82381001332922,0.944634760266962,0.71316191548101,0.732260621579301,0.845952118226232,0.885920930381166,0.549821187193304,0.676628250377676,0.867664409749833,0.840965177571316,0.818749904830189,0.879253044276982,0.793572402428681,0.83496253751144,0.883998042262335,0.903561908143943,0.695943523058652,0.772944655550501,0.79824870275166,0.595927198621311,0.815780978996327,0.856517768416338,0.599501066057147,0.696994118759078,0.973025964483276
"11",0.762573932074696,0.791823403488397,0.812120010514293,0.877793555238091,0.883280335052824,0.93296233965213,0.827483230292349,0.614720675893836,0.72014964875841,0.659453395218219,0.825937691624365,0.852534100654174,0.617595390525701,0.387741729513126,0.80321123443193,0.797435157598451,0.757506167599274,0.749792514724613,0.875541808406097,0.79274949407226,0.800982539912924,0.803813443565343,0.804590057291184,0.862796221034275,0.829946515237827,0.737420635027195,0.824158651458409,0.837637708322708,0.823231469870025,0.836769014442402,0.82788587561992,0.835142600460896,0.80532545546497,0.841533675150267,0.61647340794076,0.554439165415438,0.811939427137301,0.714351924253141,0.838243979946872,0.852800791134596,0.677543353322544,0.642025717691821,0.892413243297457
"12",0.880096388410869,0.89837791907017,0.843083319185635,0.853620079909334,0.516933491734115,0.464145179607673,0.857663029446509,0.761453726612829,0.868980608520887,0.904930057539755,0.835597995452477,0.48149028348632,0.757113008839636,0.698654387236844,0.84506216896027,0.861761045713375,0.893024155581084,0.954083848503124,0.845418966445398,0.868369319950073,0.848751435954125,0.886438413537095,0.769759255855971,0.653405539950733,0.71148505094279,0.692741782727986,0.836955857486444,0.824801957635151,0.903892308328614,0.902042256118711,0.887806928846545,0.888034219445485,0.742847242908289,0.758717172248198,0.855334177201421,0.925049062618824,0.760466303845474,0.76199233401143,0.827975456332028,0.918119277600131,0.293956818095609,0.695463432257101,0.951214059216046
"13",0.779196156691753,0.767270554605585,0.823812742134498,0.800993397310281,0.792789469311894,0.691335668567074,0.866765933198954,0.907337673588719,0.786551196809157,0.76327851857696,0.803805405145649,0.815177542040881,0.761086919918688,0.714866883075452,0.855796428340338,0.789215099945894,0.83367240002821,0.819512025921595,0.920335584652624,0.800703025775029,0.781047681187331,0.783165464118296,0.792967402651944,0.79016088384852,0.826384941371437,0.811395621962472,0.904349100813587,0.877640288640395,0.889607019937046,0.819392037972719,0.749157650212788,0.732366575872851,0.81473351685074,0.654505037298357,0.800050240162415,0.801961101821093,0.835215004199944,0.812731023313246,0.840845591118725,0.881171930017185,0.663937733325606,0.660994177669996,0.97724814065094
"14",0.574178699431459,0.581101993729239,0.759200202835635,0.78457882530251,0.623841118401786,0.655081685490442,0.642112462508638,0.734819785264582,0.665592519120354,0.784096268120471,0.722923800150748,0.694107091039786,0.702039789111821,0.718081947764456,0.703579939790856,0.741812154340778,0.732711180444103,0.727513714853159,0.714023409066469,0.699744273995299,0.597280325864243,0.612003567682862,0.726714412779552,0.641110125047525,0.607372283134447,0.637666197202235,0.702264611730112,0.646989374426067,0.635563701631891,0.672251960406912,0.667433742252258,0.457230253376528,0.691858296135241,0.755291691123394,0.623914312878286,0.741384699275985,0.758462855239765,0.600233321875561,0.715492700966655,0.702336124737138,0.685855305749189,0.673555685664654,0.975806813584393
"15",0.805427707565691,0.780420806543783,0.904447456770666,0.763153155969935,0.4339310015644,0.207967252256116,0.893303559379412,0.854026221308491,0.815995455256823,0.781590413083349,0.871274318290033,0.865931205022305,0.875754926769379,0.535017216703517,0.885244946007006,0.801597805520271,0.886139582540027,0.813242457317351,0.835750746489754,0.793971791536426,0.7768113365326,0.685121471564602,0.896268524124981,0.823405752590333,0.804553633730945,0.733536491179356,0.888825398365116,0.797182535253532,0.818313077517585,0.782734922045046,0.87769485222253,0.832435414093079,0.826893205236119,0.809034505238316,0.870305911634887,0.873689199930192,0.82836193798989,0.804283163681457,0.862760808820765,0.806853272379769,0.698708472214954,0.567512852114424,0.902927375320422
"16",0.735244933691741,0.770382990143679,0.750997321118863,0.770812134081963,0.792069928009446,0.81034511960492,0.747262331476143,0.822306129820444,0.759613723815872,0.532124408797295,0.784833126892133,0.793822663936462,0.437908966822699,0.402858164766054,0.797683261025473,0.82817213828245,0.775212849574007,0.800260639618998,0.77699679115997,0.792675357860833,0.700353378791291,0.802455364961069,0.78064099542191,0.803645964056423,0.776165993147601,0.808760386632531,0.83286769252178,0.827577117277872,0.800068988994255,0.799510537273128,0.733597774054141,0.762302240888386,0.754013695557135,0.79136602483013,0.749271688912172,0.772055679972961,0.759328801853904,0.787417088156816,0.770305670891426,0.801542747567174,0.679163600545033,0.727207949135196,0.967515796472094
"17",0.823941799449061,0.801791205432414,0.453871459029147,0.353518275394115,0.835549827974541,0.866467144906083,0.822853838868683,0.785614596493004,0.895688676874,0.8675840272237,0.745002297977697,0.780669759980093,0.855608682492691,0.781589284728882,0.846511920965027,0.812828574321591,0.830211756223605,0.82081769649608,0.766598486792066,0.807266256660807,0.898172373678259,0.826323984605472,0.879260966687524,0.863104876510016,0.872411144928479,0.811024337144288,0.828159256881016,0.816100883216522,0.741504105083719,0.818248339646998,0.836535762961619,0.627336674843551,0.854677574498239,0.824890430546874,0.854681980915091,0.820356052906344,0.878875018323925,0.8187588963597,0.787900061843455,0.530577655030276,0.556070706990478,0.723113415066725,0.956026325301104
"18",0.722542874087799,0.592182753057369,0.735308549523582,0.62705376174235,0.762943895570356,0.674647662466851,0.752323078724658,0.731246007292171,0.82437193082405,0.69598522574566,0.753754888627016,0.674307916546126,0.778738091232059,0.780188785011331,0.781798364266725,0.729110542049478,0.796578216497913,0.645149249714989,0.769711256893955,0.736146581419733,0.72008258032057,0.612135733134217,0.776310795977969,0.7072257651341,0.840060886272023,0.873250975988216,0.773436969949882,0.654652622920571,0.721803319963435,0.633188616624945,0.798831250818233,0.662882189584431,0.764381165304343,0.71081497635683,0.775639470019989,0.653956238127492,0.74528561936247,0.679864222034491,0.849048792617232,0.74759302517687,0.717103113665465,0.687862660164553,0.969874741296505
"19",0.864247680426223,0.708249585098467,0.867443131201599,0.798911191501226,0.905455566851409,0.840249877323563,0.499510865336949,0.499510890407344,0.879587774532773,0.846393457597584,0.898191970953816,0.789447849505996,0.863167324643855,0.778672281278112,0.90185269633346,0.772599765662996,0.864111128696029,0.678557594988886,0.901358155304804,0.778930594166741,0.953452882191241,0.831120160843588,0.916180725291867,0.798022835804445,0.796233849105058,0.636842111672974,0.89402240121746,0.846705961449587,0.758331430255717,0.803691082787718,0.758693514659566,0.731552467302384,0.907739119779738,0.81270855343567,0.90306083931668,0.802712134654148,0.712764208340007,0.736125548774808,0.915701235874394,0.809984514637978,0.304606870809533,0.324946544755383,0.907341057802563
"20",0.954008945006781,0.973713117382924,0.845483905203557,0.750791208645837,0.907315957302103,0.955914013745528,0.9469336943052,0.961450403310233,0.896543646501458,0.949866604331938,0.712039296912525,0.437475468604919,0.851772322792414,0.908900410651071,0.790824624815344,0.78764335809589,0.852426669319823,0.31295269478727,0.790097925878164,0.881576739808261,0.867320218489167,0.861717639130376,0.814174998479243,0.890251582485272,0.904093498769323,0.938841015210411,0.79925609142481,0.717341694750915,0.883941977946485,0.776681161557424,0.941587763533759,0.963319421528822,0.915031364038058,0.848867253673162,0.885441867370198,0.876421895918624,0.854667693578746,0.871314387217675,0.728102142265,0.755594642047833,0.474045805159753,0.581193441724387,0.969644763289256
"21",0.691421327022596,0.72235377621712,0.752813442268937,0.765130262894365,0.7495302483219,0.635071809064918,0.902852420338893,0.867661823584964,0.778101260099862,0.790945858346987,0.792203622030512,0.813377158451571,0.742569466346746,0.758459993442709,0.772771341656767,0.644847652232324,0.724992321407417,0.781588083829273,0.782504502124293,0.777263151880328,0.762630945591876,0.762124743440277,0.750724283763049,0.762547777439487,0.718539423011487,0.783637610530559,0.760941652653934,0.787028393595195,0.753261667771146,0.79356636165989,0.729941207980639,0.745108689226352,0.740971122440795,0.776177535287841,0.768427699716423,0.69783093757894,0.731853869619273,0.790346552790603,0.708097940120927,0.753890802015832,0.733835053589895,0.692521689692272,0.984537564166173
"22",0.796109376851543,0.715585355381332,0.508502183195188,0.39483469614902,0.811973964874533,0.688577591779498,0.710122160368059,0.790621986109845,0.651959524329461,0.546007755214384,0.818738225674479,0.774674744654219,0.781669101167987,0.724971273189186,0.790955030628499,0.844234443129167,0.797792663508909,0.731890573882326,0.724864620862083,0.674774480984807,0.820111937558018,0.464356346549591,0.799286669300226,0.782231723200316,0.823278281047595,0.818829008368166,0.836688854660472,0.791891361344107,0.816571516285699,0.741816110260396,0.793181764140412,0.729063741641224,0.705726403911753,0.712695842276444,0.808894733510006,0.844985460684764,0.713560956181193,0.605979521088731,0.7598090708141,0.74720651937305,0.706074606620947,0.635135569303866,0.873974989543444
"23",0.781933488540773,0.795402492224226,0.782650761410769,0.774042610808564,0.8524910737299,0.837935899590385,0.856611196654033,0.820843415720364,0.858392759430079,0.813537722256402,0.839234414164597,0.833372116837591,0.89465938376076,0.814709774347135,0.747099584163716,0.756784416839137,0.868413452503065,0.776238503707913,0.762853545312434,0.768298341854506,0.644736584432405,0.654193414796875,0.828178194827965,0.766155139835717,0.799211515383681,0.817297965837886,0.894556038277117,0.885885577126103,0.629467724407212,0.686587220982904,0.215729385293855,0.276411444141903,0.879377069217306,0.900398624851323,0.819563739520385,0.731237850283182,0.887366908356683,0.887366083944305,0.870738922974056,0.815205601876313,0.717062946760641,0.726846349665285,0.709753460140822
"24",0.805785556912701,0.797091929746886,0.857073323411028,0.85209762712946,0.721046014271527,0.612029323270962,0.849630368960384,0.827893119919752,0.790507751312111,0.697785829815068,0.534941689460862,0.551983508264703,0.818599262937093,0.800618576434166,0.804356323468054,0.848375105635967,0.811253969661801,0.809205069226102,0.775124623141111,0.748177935651476,0.823510526888997,0.813064428593615,0.811323188689444,0.777950028177326,0.63433239384295,0.576354217985922,0.74765697091757,0.798967695466001,0.831765599597114,0.790263749303549,0.80180565552495,0.720408604833596,0.870045267902704,0.814430912940146,0.94454945277124,0.883904500866756,0.505605875672483,0.47922648150194,0.932734606332304,0.864007159525144,0.678840225339317,0.659556845185639,0.897163524997336
"25",0.499510923092879,0.499510983072295,0.330180977943918,0.499510896233973,0.49950918088735,0.499510826686064,0.489955421574872,0.499510807455335,0.494104530256318,0.499510842036782,0.0501090884354294,0.499510827584319,0.499510849156937,0.499510827682758,0.499510832673336,0.499510821952763,0.499510838242715,0.499510908355451,0.373856289232477,0.499510848617986,0.499510833072724,0.499510852933407,0.499501965552803,0.499510826691741,0.499068267639173,0.499510937099822,0.499510876484032,0.499510805877396,0.471502772613688,0.499510877863511,0.476233952671887,0.499510936345009,0.499505869396894,0.49951086787079,0.499509674152038,0.499510863367863,0.475379488262562,0.499510784689677,0.204273375831384,0.499428041819379,0.291698860718763,0.466801958425658,0.946387296430389
"26",0.845387424792429,0.575852528634648,0.845348278365801,0.630698316497097,0.713404894001159,0.671228178801898,0.885675764877316,0.741226639591733,0.827945776681381,0.617181996864765,0.738911166621621,0.693734242762001,0.850258028085625,0.69420044841999,0.892458316669793,0.657855783164138,0.829471272671517,0.615882638044183,0.783604493865027,0.645093438096705,0.862355808755027,0.829338364237899,0.867430653025709,0.66308376384088,0.714106273189777,0.678666778669841,0.867536055281333,0.717517669602736,0.823279960820304,0.746844422723652,0.837612765582974,0.746896612581403,0.853386111391396,0.608585784831111,0.850723238577675,0.704996022051548,0.852702077298469,0.603221745461821,0.857469542551683,0.761054502889325,0.579456148466547,0.492956294850496,0.954472885547436
"27",0.775551041207199,0.768305182045836,0.786809342222391,0.811862028217495,0.829978758611938,0.872268161489666,0.800866041888596,0.827877635178199,0.84460300888487,0.885586652868854,0.810818453356934,0.893329897888788,0.841224145775415,0.742210854117163,0.839981286158991,0.931946181090693,0.834708279758877,0.969319399217732,0.798177048494508,0.847854469320957,0.857114068050587,0.96663530413169,0.783058044189428,0.776175747602646,0.861246901705746,0.964751988723659,0.873727825066026,0.950433030845936,0.813032841973057,0.878749551325974,0.795778132718609,0.850093276076127,0.923143087013127,0.813922279905551,0.780754087134379,0.793320612095437,0.861670485880914,0.96512435689524,0.801388804493804,0.820540032218972,0.662399051093196,0.662699608559373,0.930510095016694
"28",0.78085146149978,0.878399032984047,0.845761439899462,0.888885231670616,0.838723186515248,0.905579721546163,0.880208411955368,0.904363850487333,0.883137967268028,0.854315515683546,0.847583001405092,0.76606507839046,0.811062088782774,0.905605036536475,0.814186796913478,0.917455204638565,0.824407762656539,0.891821964985988,0.816396160369914,0.930208469776854,0.829213902943072,0.90460387610778,0.915089905967678,0.901130832631254,0.805289677127249,0.820986057325074,0.827241408803782,0.853379404862163,0.838302353893447,0.654425297486998,0.899438710784696,0.920387491959621,0.877188836952317,0.895687415540731,0.809903253829844,0.852731325846919,0.91294005511949,0.845425240459109,0.850808748306056,0.896514417848536,0.583879950532772,0.642593383522063,0.975737721059364
"29",0.824610776437512,0.901801566752593,0.845069812949565,0.853888255244911,0.868038930551916,0.883954008775472,0.92053893785432,0.86713735982347,0.727138926564513,0.902669732152821,0.785905640995509,0.549006404772488,0.811219777861231,0.875025730123191,0.894877712876561,0.917815478146434,0.775281000585737,0.824276899011493,0.828665241657724,0.890620958470294,0.809733850243164,0.884911470000161,0.808306071837053,0.881984564119739,0.804898484120217,0.877618253884387,0.833861571077676,0.85630921130584,0.875092156717128,0.930538695566663,0.782381408922318,0.895057473410855,0.748691948885978,0.433983101483903,0.849324054072907,0.832076912671585,0.887440944355798,0.934403478880802,0.814622571218947,0.863682140032426,0.667899430531607,0.660149263254547,0.979281547203309
"30",0.754410645369578,0.39247790635797,0.759005224173343,0.497349146405599,0.804537408782878,0.524927682490644,0.805130692221479,0.444345475085302,0.7373248335109,0.360740384660844,0.762165921124042,0.448748955123523,0.862218790110151,0.636189114994122,0.390295354252834,0.321199649105172,0.82566778855758,0.492865955863704,0.764385527565097,0.527255135427794,0.773066056097582,0.561604896570963,0.759540269753193,0.460189653387976,0.780959936791866,0.562838834399263,0.786271512946458,0.463041790903401,0.681570275028412,0.419556876499764,0.80162553900827,0.570240178510483,0.796829883582072,0.505323850970137,0.753819710720092,0.41025741870346,0.73934812108283,0.527873996840065,0.863644579220254,0.900886872394789,0.758776538621257,0.754390872835624,0.920021876038395
"31",0.499999511144434,0.335947581002734,0.838731773359991,0.785642511868582,0.735820379461544,0.250643786295481,0.770846352320697,0.663954458981496,0.805035503984085,0.831091858911904,0.655026626015895,0.515289823427628,0.733528554432184,0.674568089584892,0.266209452874325,0.0414981370970169,0.76330887062361,0.687881812360247,0.865151153223338,0.687302366447577,0.721399572580531,0.651868075986593,0.68926376445999,0.568787990629969,0.720526226925863,0.718714613071318,0.767943524972378,0.796564611752617,0.607158476456612,0.488391468261742,0.827893316860091,0.737456200726873,0.700562974220658,0.630798916066646,0.733014765418736,0.574052166512391,0.74094438104825,0.570647965370878,0.835532804855644,0.744077115026362,0.229300297816288,0.724660508850143,0.825461193914946
"32",0.720813900866925,0.778705017537167,0.824930639487269,0.860973539786957,0.754268750209272,0.797822855638839,0.753959967762485,0.818584810664744,0.685296511114313,0.823642127831649,0.812116265365342,0.847008148359907,0.742857538619521,0.552772457283306,0.840548603335776,0.850961162730864,0.794093619470399,0.79357169375718,0.773711364872526,0.822447666413193,0.537796559035509,0.310898639622952,0.785607566656759,0.812572187381252,0.807740340559085,0.814718059385195,0.783970215367112,0.822354322649731,0.782649947564112,0.811427652520953,0.782167577684407,0.769108346906773,0.780585303710781,0.790264511567563,0.702048953743108,0.70680364957653,0.768303832516076,0.799552774944015,0.66638925945967,0.720647781754732,0.684409858984834,0.479866439776499,0.930541965390618
"33",0.706146402845472,0.669239080112115,0.784430498829071,0.69772519108204,0.819548632105158,0.693851507953232,0.79157796522005,0.72644361564297,0.779345796917253,0.708149548965402,0.801374956449127,0.702053029695128,0.492777124658335,0.525584777593487,0.802920732130774,0.675764281516536,0.800802052892169,0.707431782290779,0.718836741802812,0.673075977658914,0.730155209800345,0.675640529939965,0.735791669936708,0.686595274882033,0.749108804372595,0.693293232939509,0.80378305753491,0.707024421495596,0.800230931469877,0.762870215635606,0.709603799831113,0.668381724480023,0.709901053599076,0.680382343587345,0.829303912785381,0.746655227671098,0.832020375506022,0.754013648843954,0.795363718158121,0.730051108510958,0.59940217914938,0.688963787194809,0.803474173998626
"34",0.872820302701183,0.910019105057602,0.75862969535578,0.781392209391201,0.774682532007756,0.771179983722899,0.873206528401707,0.813359641553857,0.804815946566986,0.857628753468466,0.883214299661488,0.917551421518067,0.888029094777565,0.92241632499305,0.88121903282378,0.917693838904267,0.862173132037219,0.836572003465055,0.866718508629847,0.91398478169347,0.891567656313844,0.919143553417111,0.877773955512967,0.918042110492613,0.8802858461913,0.824322317518536,0.891015228907755,0.878695484409249,0.880448992895117,0.911269487963636,0.898424727470014,0.891961474202491,0.827029281434545,0.905280977344721,0.480584535295596,0.499510880796875,0.86344712911639,0.602533238259781,0.872182927149456,0.908453595593092,0.701367756447444,0.363932551280117,0.964429717571611
"35",0.521478877365345,0.738419072962371,0.61114500596654,0.791759449789694,0.761821726741948,0.937731741740438,0.651677892996219,0.777521782176309,0.604883549642032,0.852256467424729,0.538726452497308,0.386282891090183,0.656997284287635,0.701493234090886,0.526752363915958,0.742409033950953,0.616248785271075,0.791907251986149,0.672264366145503,0.709465487271655,0.670202697140486,0.835209489204953,0.543295515519074,0.593670104019375,0.659189720189948,0.766163711157325,0.533920319739292,0.748266414615258,0.603767102272039,0.803939049073762,0.588508985756465,0.787484868909788,0.688138309826269,0.859063484991525,0.557417676463151,0.779222193008689,0.626192294226419,0.81726025815601,0.602961545516869,0.831085530911952,0.676801316565321,0.626967546189236,0.912803840748683
"36",0.854070792364829,0.72778532990212,0.851529651150044,0.880288744655035,0.893822291252865,0.801915886979723,0.907176877246211,0.807393211122583,0.873156552975232,0.827582776747731,0.907675501578423,0.849636797616832,0.896239780187447,0.841595432070407,0.812996139897579,0.825342852271886,0.80739022737856,0.798353556677691,0.835666602887544,0.791499015379288,0.703913169979704,0.753108056078423,0.912410264072514,0.734872292446016,0.863797830066507,0.822554961492315,0.820233012971139,0.714710406167619,0.593940186433235,0.599055759619552,0.81081421127697,0.693404759250117,0.803103281057231,0.829366263143246,0.856013240868702,0.867116173746958,0.841453520681378,0.838956951480848,0.898059495045935,0.877213503509981,0.659662041083397,0.705733155457368,0.905612311930838
"37",0.720755827633766,0.841854883615552,0.741161353719209,0.845490255756234,0.727959554951324,0.844207521611514,0.855488306097217,0.876562932485022,0.747756552055395,0.693765269046136,0.761152550762665,0.848713481351698,0.865286347969424,0.861559897954121,0.725692419474189,0.842305602587204,0.537588499434144,0.604748835242521,0.808257673759245,0.874919008429819,0.76618247932462,0.852513712529902,0.757970257386283,0.844397389015587,0.739569845491456,0.662912072230836,0.747422560635713,0.835278712839486,0.857540967558681,0.86667075117794,0.743117439072074,0.873106535915191,0.822008955822387,0.86904908538527,0.826949854239475,0.859471497251256,0.814733241163615,0.933894919938537,0.762602091411425,0.726663153010589,0.678777412443742,0.683497378429401,0.906853753408134
"38",0.84595403893695,0.907970345766078,0.799943049479965,0.225616981440834,0.867240665196345,0.901185064462501,0.845451225603949,0.906200690935175,0.894080998056471,0.924977407218657,0.865785995537789,0.772774812088981,0.849709232418482,0.777493812081909,0.912611149309715,0.847704944840749,0.837560332793711,0.809523174195535,0.862514777784242,0.803297462652133,0.880020216864384,0.905656207829303,0.853288259703222,0.907670123242957,0.863630899343067,0.719856087323906,0.859341377264683,0.891704858610502,0.869596613490529,0.334040770736354,0.851685229013009,0.865855327761671,0.746995209723183,0.737589874765762,0.827329867388795,0.869842298928764,0.865930621321276,0.878091650858189,0.847498994739831,0.91490462275137,0.6236606670218,0.737631791318787,0.910067344030341
"39",0.82640793874156,0.832112463652352,0.67957684749395,0.792643527384218,0.865775744570749,0.867150882857118,0.815348185676746,0.834870531975833,0.809733329017909,0.815467306922702,0.792098235331159,0.83397437508751,0.830644960622958,0.851065048133158,0.60806224466554,0.602106462309796,0.849470160664722,0.875940661763992,0.851058841556973,0.874982070705233,0.789895341661425,0.853133202191508,0.692999000642729,0.858120139665771,0.741130185937072,0.795943724949401,0.818267446456631,0.839897569301399,0.869343423208788,0.709776952384164,0.866427984304848,0.850312502739801,0.698000246296398,0.763467261138886,0.778226157210723,0.861834652199902,0.850489072654819,0.89675405062904,0.711826825118853,0.317037333448268,0.726059922233151,0.664392356480239,0.94748543396695
"40",0.716905246230647,0.804720840251183,0.801529888553242,0.873111612264813,0.744725559128345,0.802095444192544,0.78234637681647,0.808882945966448,0.743845497861232,0.810227927781663,0.79293400132483,0.863164070617863,0.838901682527188,0.827712604740668,0.663577006456137,0.719602219606941,0.763859531957327,0.804734532518057,0.799100980988823,0.819953322298875,0.793052895083115,0.885884840956953,0.759275771236801,0.818342243021969,0.762358842767341,0.877050656154149,0.734968199865467,0.781641958115073,0.759765593157881,0.788097765001817,0.817939750240581,0.877124270580512,0.810735715162108,0.829088259734746,0.824582941557052,0.603895892726495,0.654853526129859,0.76995359060731,0.788029954695344,0.672506119127985,0.331814384453757,0.294091244208754,0.939295894945298
"41",0.877462502239662,0.89776783999759,0.786146833892634,0.738722847166851,0.875265382688061,0.855072716714229,0.877972663959132,0.848929135105876,0.910705368223647,0.942996312406718,0.880145341632327,0.9066348876124,0.91979822753382,0.890582359009729,0.859004987214535,0.888903361646454,0.591665060756212,0.332771020115537,0.885437881738993,0.911761425885143,0.886977946961987,0.867716851978538,0.891500588623755,0.904886319935306,0.758066150469397,0.73611664992602,0.90238791048456,0.919865556829564,0.844676424109979,0.663715442118687,0.891007658870177,0.868118112486717,0.919436789106369,0.808653516420327,0.897498350232052,0.909873029486982,0.909771021312696,0.953317838017007,0.902583524708619,0.910302191108726,0.649215500231701,0.703766877339901,0.924252957869398
"42",0.804880133227186,0.817045200579214,0.898378586684792,0.827607826775357,0.867078249504664,0.820294202685541,0.8486783349356,0.838388269713399,0.811121336137283,0.84053665182403,0.871338370867072,0.691723855955667,0.821698141073265,0.83412123146814,0.840307103268814,0.83634972394836,0.899216620687563,0.766374961047212,0.824660983228963,0.855006065131367,0.809981323311859,0.838535171003482,0.854191635368528,0.822636015447779,0.895491838569257,0.762428899813873,0.855870480910203,0.790455947052318,0.883109917250439,0.692760596216742,0.834108967185157,0.8485093649362,0.816428826391911,0.834089787579538,0.871830788743106,0.798638974158086,0.801568126939598,0.824824269214179,0.829033029146515,0.851256654191943,0.347926648235039,0.395507332142386,0.867481187528839
"43",0.91658803449525,0.807702782041175,0.833486610395142,0.792774694817917,0.75309772863664,0.861528560639003,0.748226917710591,0.790921029013069,0.791229516591992,0.891584273931176,0.63678561664094,0.733840176861542,0.87855961318942,0.759830740547986,0.807026308173104,0.854127940125545,0.849484247714571,0.891523293507921,0.878337178757984,0.81927905051173,0.897714466345561,0.766724885019602,0.906593266387809,0.912946777285929,0.775871935400612,0.515531801212491,0.273637374522028,0.248202586907595,0.846695182931684,0.843582378392782,0.667606999761095,0.437361246230526,0.831434914270906,0.840826835867733,0.744555551271666,0.792485904784603,0.855879157651266,0.928161819142509,0.784434478656675,0.74924768304566,0.683817853153075,0.69043981485687,0.919055813163069
"44",0.77343459340581,0.770461175127546,0.797141346054521,0.789177626374508,0.780162741587725,0.786937433594877,0.778993334165066,0.781535208724683,0.765966094201807,0.769798804543202,0.760965745427657,0.764574269065967,0.844935032783532,0.820445617253398,0.737718739252653,0.724155614078217,0.773126295497909,0.786920985275169,0.376046590448841,0.0349563948009992,0.805259591664461,0.820437031723503,0.790709636276516,0.801842733776119,0.85660471967201,0.836748826411621,0.756744814068717,0.756694742847778,0.782618765911069,0.626531021628585,0.797346232056994,0.80294803670277,0.791319030459584,0.820276579035135,0.802164290208762,0.801643119198094,0.825169113172536,0.81159017720836,0.787584929523738,0.798520605013534,0.682048467546648,0.583789401509417,0.974765993551672
"45",0.943651665307206,0.834652684089505,0.919101894473601,0.744433837592598,0.957729112061617,0.878860200690916,0.906551672342436,0.84184855596189,0.904551254814356,0.813875166424906,0.176516462368357,0.499510788850287,0.905140829106532,0.823186506112356,0.957263699076503,0.831898642433752,0.968272687382412,0.851055666673614,0.499510824572104,0.499510782863845,0.957580749475691,0.855517135980832,0.836507082367614,0.755258048649546,0.920450436537631,0.699834587349459,0.933436121819939,0.815628032877653,0.866491555198726,0.841954560817885,0.949946919471606,0.85548022580333,0.945538479719868,0.827558173618404,0.975752217612895,0.852894875059379,0.954174281103429,0.848724644256204,0.770458060170547,0.747728502980915,0.450515403697528,0.411982333405229,0.726764590264626
"46",0.63934245672857,0.700984067940523,0.737391265585677,0.695061977189586,0.71929942577441,0.742795004976247,0.815120333773639,0.789820104253062,0.721756597365977,0.7638271390943,0.780856146178595,0.772777138799982,0.785339347591543,0.800062450413036,0.727650346418555,0.705559701397452,0.71323235794593,0.785234992586772,0.742456180365075,0.818586395680223,0.699798358740439,0.714155849837188,0.713476624394026,0.717132181500644,0.763960394496522,0.745807962257423,0.767395119014987,0.756631042555654,0.813465726817348,0.492322324430715,0.650207605057816,0.713904295538345,0.803300043465343,0.846954669445415,0.770212337151847,0.756143080089699,0.699110517663494,0.772708929532384,0.721556189385408,0.744859253944182,0.685948878087838,0.539816802234711,0.975361705103455
"47",0.699503107571011,0.703160489943088,0.705489285177325,0.886687464418424,0.771664976853119,0.721099544721868,0.749456379151059,0.894516880397492,0.697506653175694,0.696766632684862,0.362224473208177,0.436741700283253,0.788560149529006,0.83440288816263,0.751453409251371,0.835664882335283,0.737759920444949,0.720325508426591,0.660535228841235,0.845200512477469,0.736130855926524,0.833718529938203,0.68868806491195,0.914642880847892,0.700186583829793,0.617768901157243,0.607259931410425,0.61087107785136,0.653343812860056,0.851625902175172,0.128302139677732,0.17487452839628,0.68831516804394,0.785312700472598,0.74817580408669,0.666644793905476,0.740307096834938,0.813238814162625,0.684243535452481,0.77990569271798,0.720724659073496,0.46179718368061,0.898789138829534
"48",0.682091420429934,0.616564833584581,0.781227326539565,0.703783984736935,0.759171842422522,0.750505155372159,0.751117205931168,0.743656927409213,0.719840872007651,0.68132746757611,0.710716454376899,0.78647055034141,0.757597918420108,0.730782329502594,0.757552103918324,0.727195416914287,0.726315435228004,0.735651008467147,0.72935003331284,0.734012783483294,0.748635589207385,0.74613091600856,0.730772315357737,0.700019686951243,0.782761044828939,0.797094194556422,0.649405328750393,0.645602211850095,0.76462987793217,0.754464094657167,0.743600818674246,0.702568223048867,0.738683856703136,0.750816712807325,0.76531990691524,0.84275479470436,0.708485844699038,0.723059738164304,0.727769858808603,0.724320473044031,0.653428879597827,0.585446862674826,0.965053465612878
"49",0.878302981761798,0.914164863899726,0.903745019372963,0.943057475732488,0.840290883835534,0.796262931451371,0.904541419917831,0.764065641912488,0.905496643424009,0.931456996050151,0.87743950683824,0.784331878061801,0.91069757107643,0.914465563847858,0.906079490713167,0.928245093502661,0.819261705744264,0.89635731971677,0.851395480390497,0.836467637339224,0.886872359812221,0.898988141142836,0.885951027399707,0.860418592924342,0.929475653010886,0.788365991593567,0.818110278948667,0.7958416041216,0.925720923009462,0.802083980806512,0.916206453501898,0.922931202384784,0.822004720247798,0.554234599439835,0.878609600032544,0.967777967595486,0.929851488959676,0.863800562697585,0.825583337659755,0.732258314784417,0.609123932900832,0.664725221396029,0.971525961381026
"50",0.823127643657974,0.565092226436303,0.80943440902201,0.767790564057435,0.812876262378113,0.571534443643629,0.889202673111667,0.714621433768698,0.351061004862124,0.0682788006247316,0.621175577793222,0.563440595656518,0.830129141573874,0.583529632747664,0.857929621187044,0.714444069652977,0.860547496700438,0.633979553492725,0.869485638544224,0.664854989881735,0.878576404505374,0.586895526648275,0.923972622383133,0.756414013408929,0.803854795469948,0.664519485346141,0.798481332255816,0.517332841816741,0.861040087813286,0.619351140115878,0.883476023105928,0.641526397625174,0.89073250804399,0.667018781420869,0.904793572970769,0.667700666094596,0.844060339594101,0.599699755566539,0.856232079670318,0.773321725587519,0.685586821718506,0.641941307290465,0.88768267939848
"51",0.838329051702845,0.898888829341501,0.884982627772855,0.935069967956031,0.868113537166615,0.952812497237619,0.850885821196386,0.599359818827104,0.83695663645108,0.909749326832983,0.686474954448125,0.470002075213512,0.836276168015083,0.840499415996044,0.878689790294562,0.935513475183962,0.72017378802063,0.645199003707324,0.717253013731823,0.599741935564599,0.836013899440151,0.738562731377332,0.751341723798459,0.796722091988121,0.794006053245098,0.605002450248523,0.861588927053553,0.911568052994533,0.648944760664502,0.466537993199251,0.67262817798239,0.207642555692392,0.840773027911977,0.874899694586008,0.848211500474318,0.897338965265925,0.56174129172629,0.362080280994561,0.892471341026583,0.914502103414659,0.647327015059129,0.627769001286433,0.878132825742567
"52",0.462198382122813,0.663864201287721,0.628587276249583,0.770970874455956,0.625649933329372,0.763030203439499,0.61889242041788,0.582943643652132,0.539790196049782,0.741846806254243,0.545604240426514,0.73538454291958,0.701014144212973,0.708976536120457,0.5786647450427,0.787831753214951,0.514333409373208,0.7561166524792,0.576170002887492,0.754236423514226,0.676131232815311,0.64515468876398,0.598524933315679,0.816590264857321,0.65831784868853,0.599925242965257,0.57715363691353,0.319663579416302,0.614032250360236,0.772906364822821,0.640403636579678,0.574684694856857,0.569459153147054,0.637337965038981,0.626618363632832,0.786185563719327,0.603594727978486,0.798060677178194,0.665062732718902,0.477237928561848,0.593641891777483,0.740733553381984,0.917700926474556
"53",0.691087848637253,0.652299921197095,0.74031821216176,0.723715930275463,0.756120712392133,0.813898705145427,0.728634830347792,0.690633602648129,0.787320895286393,0.64681409022178,0.763287105101861,0.699272382791654,0.662450438456828,0.558888493747739,0.695561824266234,0.661786048870044,0.794589564601172,0.378361001667125,0.715957419612446,0.70644488723724,0.727432205528135,0.707678666061806,0.728925720007473,0.707159036218474,0.815155727767407,0.800731351199921,0.744191707322969,0.693392793192028,0.729422757698426,0.605362731342601,0.691676531895742,0.652414854905575,0.772180303991813,0.669188129871123,0.694698106400694,0.63646538642299,0.764278226935152,0.731516556821294,0.745520154105269,0.758458617506365,0.57249741615986,0.683021355641567,0.943162197595777
"54",0.534644715522869,0.572644229571763,0.647532003870906,0.65971616346667,0.673860755153146,0.688177531410729,0.697407860587078,0.674408751257306,0.611586695014178,0.677230920680175,0.66818133548408,0.697902541407379,0.56488974969614,0.607367463884117,0.752168103109092,0.837459122035165,0.574801406195864,0.651789239418986,0.636921593962236,0.611924185972859,0.550714027568463,0.597999489512453,0.677301429626971,0.723108160440463,0.669221703436152,0.794267586909175,0.567568666208777,0.577923009244962,0.611858336715146,0.645884665068893,0.640668639700039,0.680134744788632,0.71974139265014,0.474171898553651,0.675218606251762,0.544177326340982,0.648237147559265,0.749271011371453,0.638609246486218,0.698693446450742,0.704349222827222,0.687781267885146,0.896757190699871
"55",0.824020313725806,0.868890180640336,0.852001303300735,0.893827565444289,0.784592253545608,0.78330805125414,0.820443244229857,0.812858599968624,0.808311048243735,0.898782901923691,0.601384802428199,0.683234035071325,0.791277111634428,0.620860761809027,0.773730837927614,0.837487750129515,0.682478682945597,0.790474091949683,0.797740785909076,0.851026990471585,0.719942189190288,0.637483124735963,0.784924921833808,0.851555738383214,0.847860703316244,0.786872432851758,0.851540119705133,0.905401520901948,0.852871295777728,0.882818890929705,0.703400312641779,0.785140189152278,0.839489294905744,0.932038426585232,0.895401463136674,0.938784223079441,0.872695491553226,0.92297441261285,0.831911632609619,0.878715406282734,0.694605737041844,0.532490978962462,0.979286564733717
"56",0.660309467838119,0.744226793359685,0.698937158976325,0.667584594156839,0.828810658692803,0.730653326969223,0.708900990984173,0.731261223938966,0.801372511841822,0.74073451866107,0.809709236250321,0.86554087827155,0.650437152270053,0.639520038731631,0.654809733400292,0.760614312231123,0.743866440237638,0.766301992117564,0.690598889054496,0.752358277307053,0.614166294912056,0.670415616964719,0.0177923399232096,0.00581631863441423,0.671295428688753,0.754423053685791,0.537267382401933,0.433667658017669,0.726610742223656,0.749694041793265,0.726563239937799,0.758396837017209,0.689953826746313,0.76816604679179,0.700874209728926,0.600492975424901,0.847125141567271,0.716176012943747,0.708931071323351,0.769420265150875,0.678639386551747,0.63804036074282,0.876706878268018
"57",0.277735299313914,0.281435853458265,0.290000758981157,0.262501472357593,0.284522344392684,0.290018299542588,0.322861750901906,0.328980066410173,0.327095513653424,0.338793426999674,0.321996041609469,0.474627781491191,0.310566838790723,0.32558232132561,0.307724339190317,0.350538743514953,0.293353490013785,0.298785195756452,0.388487365850109,0.408089581306154,0.364321162050049,0.485927238012163,0.421807311203103,0.445415912943372,0.316755119570663,0.33505719723192,0.344631301538535,0.362738111030941,0.322462587028414,0.293828133173485,0.327976223610499,0.321179957184793,0.286584621482151,0.317784888468925,0.302459695651517,0.338536002990286,0.321490419794813,0.334060695071079,0.356592049102498,0.336246246430506,0.571730624186525,0.590558155927699,0.944002324793349
"58",0.816656464112034,0.587827428380853,0.841381444045691,0.773901648790082,0.86515140846046,0.700557944030088,0.831913248487998,0.620204211469179,0.881857741690828,0.807518769027372,0.830137366482588,0.726501614214777,0.854128561595435,0.72905999841458,0.855700665229453,0.695140148155403,0.839304120670123,0.696343692978483,0.706882675586798,0.663816872748206,0.788500897519702,0.778322557997208,0.819719214449592,0.664452256049923,0.907160088597055,0.777641092445883,0.852355346685292,0.739474802518561,0.84183341010547,0.74063498188365,0.8099267753145,0.725395220925262,0.79137715485754,0.714145081937127,0.858518075980646,0.873212986057068,0.758186014449479,0.759078685599557,0.9028527627242,0.770393868645996,0.704582937120985,0.592099748968941,0.944673956351738
"59",0.863451809499259,0.973228359332855,0.837297604839867,0.71725876118475,0.898038494486243,0.975986855711419,0.766306621181954,0.805640562988309,0.859671680826217,0.902636730511651,0.917455036491065,0.975823779332167,0.870404222765528,0.970113175123788,0.867848288889944,0.913484472632185,0.874125916065959,0.928240887742415,0.90529111526117,0.939503253333235,0.865710595814256,0.789991549022196,0.878365419759305,0.886670374565309,0.856286099155085,0.673683790107759,0.859185765153144,0.936333793997676,0.919210726899233,0.970678782087996,0.877934612476928,0.588301390994486,0.841256553408128,0.683776832629612,0.593913521354874,0.492314870736461,0.911714165253878,0.976912170962954,0.835925754470803,0.79944416576984,0.590586534401204,0.656725533495465,0.922553736888559
"60",0.684769609691675,0.701516367508426,0.851059728290818,0.844722074712371,0.817141018510534,0.785207923452088,0.821415319486809,0.885617095551714,0.870641559395067,0.802825545634319,0.786655475202374,0.797996765448109,0.729875623790766,0.756110569008987,0.640015133771249,0.674788408214923,0.767909344189878,0.838097187057267,0.742331201903313,0.79968720136753,0.768540714179065,0.769244162025445,0.735454999280967,0.786812726545918,0.744141756985173,0.781352469450597,0.750575131695927,0.657781840979175,0.77758367637604,0.763801872570835,0.739016158197515,0.800494934845937,0.707327361385544,0.704220495589023,0.73016088153285,0.820658740870611,0.758783394665141,0.664106327754066,0.710723535464775,0.735343658537087,0.644276125925433,0.543608041482096,0.797210479307209
"61",0.903410137935285,0.814046095756778,0.797516671866054,0.871016658091668,0.911184327588705,0.937237379682805,0.925103335092923,0.835544237909358,0.918916149355322,0.874158414110021,0.603317693441564,0.601186770580083,0.848887764878456,0.77062843305443,0.780150910613545,0.549072480704418,0.917958564158406,0.83545909172292,0.840879653864931,0.809576788015161,0.86496410979063,0.756305104101227,0.895952006062889,0.749815557274668,0.856660716207773,0.843360751298386,0.95446381573807,0.878582533987167,0.725123447083286,0.809908562551723,0.872629626042536,0.804295590067473,0.924909661103735,0.836975570101899,0.908012570564166,0.829868654218151,0.938648301691145,0.839078561363172,0.933643667240376,0.862618536219729,0.696493277864997,0.712552103766869,0.822448249482926
"62",0.761063472279322,0.823703632043838,0.773353834344386,0.822754670882153,0.863040904190774,0.869235849437703,0.6972606666854,0.700467637772574,0.842591607704563,0.865930190391349,0.818362542039267,0.877558658099353,0.787433413829926,0.807101770795953,0.706345714091474,0.59850130091898,0.820537901340243,0.913713977402086,0.722857687185697,0.792188456046433,0.762671280331681,0.811843475263924,0.751291713795582,0.861661420130187,0.849381929730084,0.857079320475364,0.692357922590638,0.45554214471848,0.781793109593632,0.807407513080913,0.792925440159389,0.466526541525186,0.499510843249451,0.499510825515069,0.870667199521034,0.881905583034593,0.76776884935541,0.508865684515285,0.871674475176213,0.711347518346464,0.599908574889612,0.416341921165297,0.941832705069342
"63",0.822448746987118,0.864845344924196,0.865901613699595,0.921860332147137,0.834098009808743,0.845326102340922,0.907219286799591,0.894528260211083,0.844668762563481,0.888660950914506,0.772495172203734,0.441327508257094,0.861548567339769,0.88723673873317,0.680836605089708,0.663886586529184,0.813171639655762,0.786901239935022,0.713350087795585,0.759948207299345,0.790582467869344,0.377040917924775,0.857579009840039,0.890757603067242,0.866404465837196,0.921982624970749,0.802775002325185,0.717995639763826,0.875955681527594,0.952033117823887,0.857160805087132,0.93377648244546,0.805584568770929,0.852365465521404,0.810005032433218,0.907873971495618,0.881167180212149,0.881801176232003,0.843537100565212,0.863296200244883,0.622403861771546,0.678228212223979,0.956707373755825
"64",0.887222720667188,0.908564792364937,0.829488139786573,0.890722664212206,0.728923181613949,0.740335204966478,0.874451111581874,0.922221692449014,0.848484851877177,0.915111494855866,0.840442288885307,0.861018248231313,0.927216998499149,0.933351776028176,0.846775455392522,0.901494028994179,0.884567723205323,0.906348113520297,0.732701605002356,0.819032695828597,0.662447647813555,0.641354624370749,0.672747107855474,0.701200981880657,0.868650575063592,0.899201302953727,0.91769955884996,0.933640592809827,0.808923725595635,0.687918475470812,0.907913670174498,0.953860108757228,0.76977820002648,0.858818851846904,0.924769229277735,0.961013115088668,0.86117004769932,0.857654295837824,0.82296939646142,0.802918445435458,0.674527076465174,0.681398532402562,0.916513542853606
"65",0.566511440817853,0.584010754817247,0.561846481737436,0.583808400755186,0.627980876918083,0.600034620247277,0.599004348258755,0.593677762187537,0.619014913893989,0.568404078274575,0.62003740839737,0.672142124894141,0.4995110862517,0.499511018024565,0.671109102800173,0.488840647488955,0.623983542083272,0.671920822667351,0.548270966506211,0.554909899841066,0.582913865952808,0.624055195367589,0.63193210931751,0.60947119128594,0.573287304703407,0.590846702141986,0.905957519569114,0.963052554396749,0.557260375028094,0.577248524616189,0.538703534770827,0.548944691255126,0.657384095270983,0.606755655701471,0.683732432771674,0.621798133866857,0.714758503839757,0.825957043111438,0.573377478712089,0.587845152889886,0.574584858579594,0.44857964671888,0.973691186425758
"66",0.771923663226165,0.681588972340615,0.822983231622279,0.794836808777904,0.786457289290201,0.653157912652328,0.516978519172681,0.478116380979981,0.719776853993526,0.684630281129207,0.860294037954893,0.736396740924258,0.77199949491945,0.751312564965708,0.775647952268697,0.68227441175629,0.823998741189422,0.655776520649099,0.820152876372661,0.767843408831592,0.800412438729135,0.754771835541489,0.817222758605917,0.738484622768154,0.773357002228914,0.687170148296539,0.782197621022604,0.684851633549882,0.776521552100832,0.695206911204182,0.774040368920911,0.678555368350836,0.838151141281741,0.718183844019545,0.803110596790921,0.666241646798137,0.80667487561373,0.736054349499384,0.849265167983376,0.762242158106128,0.650839754243306,0.60927642946734,0.957818560915342
"67",0.0728686297868831,0.0104952815509738,0.117827325636497,0.031957520265734,0.19237597091818,0.029440196702969,0.211751184808992,0.0388435477630349,0.107312683166354,0.043145844607786,0.166668189225859,0.0466396189465539,0.375271105696285,0.053964636550893,0.122671713507843,0.0170569469392203,0.262577975137444,0.0412910660903768,0.363147982250841,0.0432792449196199,0.101426328519394,0.0166124288654084,0.214884098787171,0.0659228224715964,0.162797767272399,0.0436119281529356,0.148966398483366,0.0260090542707729,0.1352895531243,0.0190423777381139,0.151957503744395,0.0199391461883288,0.127637810907429,0.0225556174931294,0.150132472293729,0.0284869523652485,0.129607559741244,0.018288865942182,0.169081142661201,0.0306005363211173,0.664697074089861,0.453516577099066,0.932604063324661
"68",0.546674540762773,0.584765497982004,0.551927452622636,0.532167685773928,0.695150162517233,0.666578632639563,0.578805299633845,0.656340154069004,0.60975055098574,0.633576101420214,0.625317022934115,0.639711328310205,0.615451245296439,0.613429215929268,0.555650166003367,0.627218640047843,0.644955370786807,0.469072047455261,0.632766366143437,0.648332663188769,0.56477180249972,0.610443668707058,0.596438914744269,0.616930552323698,0.620913209305703,0.541004325745491,0.560155647916347,0.589935271538468,0.607338786231239,0.664359667537604,0.640948467819239,0.633188684001402,0.556605878087244,0.585569630192318,0.60085524797057,0.603922700215345,0.565488665896232,0.593366949389414,0.550121482156096,0.586327377585207,0.677085285466384,0.607213708776067,0.932765909440648
"69",0.946878293826006,0.958353280593292,0.881398475013149,0.842104806068287,0.911531346550019,0.913847159024903,0.93405743596344,0.826651169737949,0.915008628161891,0.981443332458548,0.802140259871954,0.827709130980961,0.928166286466396,0.941727278071398,0.895918518669788,0.808325842135492,0.955486515959423,0.971551535346078,0.366147222638496,0.269999864447517,0.903345134759004,0.905368499329081,0.932936423197918,0.945255637800427,0.885327601473929,0.769090678558276,0.919332902426388,0.932090509879234,0.957618543161431,0.943389791066534,0.795917382816479,0.873113653965834,0.905346786923464,0.929409214394732,0.832878110079317,0.81120096753699,0.695765379425729,0.631043520958445,0.812706509741428,0.405550835312245,0.525284476062764,0.700076756083987,0.890619527477058
"70",0.869164969944744,0.83728633381698,0.773678774374312,0.643822089628823,0.874925705905401,0.905942256032663,0.879512562701634,0.908989994301055,0.705211067743963,0.8187671260385,0.882677295421113,0.854273255603146,0.887530692161331,0.876231192125746,0.881206082352452,0.815273674308115,0.804854280037064,0.766478782260252,0.804041321463815,0.779644201015493,0.849145594936215,0.932086862013645,0.868216686310958,0.849532884863562,0.872743586050534,0.868416098146563,0.846234550983031,0.857763608738735,0.704355868021139,0.795184609474561,0.863060199613187,0.809784410772834,0.629334429745184,0.646144868148128,0.902470513944583,0.887853356627925,0.863170922082891,0.884847619545235,0.684875515394321,0.670062384306386,0.676027758246045,0.699637457940265,0.891688661911084
"71",0.862973526390257,0.816318404050311,0.871004030566609,0.901160511309667,0.549154488037535,0.21630217282883,0.845987815149333,0.636159418154373,0.803200615955518,0.648845179271776,0.88991814195488,0.848641642968904,0.72691340218232,0.751038184040741,0.866563265440383,0.842258667357217,0.880407471022707,0.857284508601035,0.926303319292642,0.870058675838355,0.807079891897366,0.73335137265819,0.896223596349987,0.894966023354285,0.915095669711961,0.796741081059981,0.90132306655292,0.851132503532016,0.918472451119064,0.8586122150292,0.886870633314998,0.886425720077492,0.919196148295754,0.908849514829762,0.880519244333201,0.838175705533412,0.827025748951285,0.763440215377379,0.821968184133877,0.778376345180882,0.569682575111255,0.704238169961729,0.982064292801124
"72",0.829339082870745,0.87235978568121,0.839558106863058,0.885344856625779,0.834494605383367,0.745848673740345,0.800193789957012,0.845958533445088,0.766651318463714,0.788875763325691,0.818683057803859,0.885187541167719,0.835123229511467,0.889667031070881,0.909237751123704,0.935395913246073,0.836472846911276,0.903298404541087,0.919331654502538,0.933494588123457,0.885213833184745,0.895385623043403,0.758335193548257,0.729695269537761,0.843474989931123,0.854264674763906,0.842277821969147,0.897703788614034,0.897053603445858,0.830649120941656,0.846451387918346,0.879771233327079,0.918838557419804,0.899710937870596,0.829815866229529,0.869842764117917,0.843496133229346,0.897519284896381,0.81999477846261,0.883061963917874,0.683585875716445,0.644717555845353,0.858018831957169
"73",0.826465082159705,0.868824306249887,0.835717908302028,0.843465540665528,0.866492669941865,0.908823434210281,0.845399423853418,0.859604576369351,0.876292494599156,0.914862814991274,0.86459201502289,0.816225246780959,0.82818371616303,0.880811980808749,0.837783081697747,0.911161622868502,0.858436421186012,0.932040627776559,0.870532210728967,0.938495456261611,0.775317355180406,0.696320042670117,0.724178323932872,0.681221647971445,0.831330548988426,0.900324294829802,0.790011645089456,0.839297188241115,0.862591959911655,0.921740578904809,0.740888103600408,0.672032540124973,0.814450416349653,0.834770433846976,0.771271625522701,0.824134344590933,0.851299149793493,0.858112247112827,0.764615138651658,0.872845567977809,0.61910270437781,0.475923980244378,0.982107718188305
"74",0.942899049869705,0.96563648156529,0.777728316863002,0.624058878421548,0.923637311905013,0.955307540148412,0.866028781042557,0.915009500750274,0.762302597766189,0.799061756713183,0.831192603076674,0.683757999445375,0.888196305933787,0.897950551941639,0.902185791041634,0.669791136185593,0.927844913008237,0.984875732478754,0.813864081112894,0.926758291135765,0.794301721429644,0.795154381532709,0.916182963415541,0.926583345080026,0.870002694746986,0.948454254711472,0.894316852608042,0.918931998489084,0.856776153699722,0.916713332733177,0.940071525579301,0.947794802644469,0.882540912115922,0.826799512474664,0.900434575985728,0.976732456579646,0.903727465412265,0.959375665608551,0.824282453649641,0.912069202928868,0.650179154410238,0.682002872059839,0.960858361123523
"75",0.807998255666672,0.824084011200775,0.846772757310794,0.878220324604197,0.818289710034948,0.910263343748613,0.852901281102371,0.889770550615114,0.881276308765849,0.89096259539478,0.816994651982279,0.829398638883055,0.848397717491445,0.858877627971033,0.814682807393229,0.731808254149629,0.852648571325108,0.884972534863077,0.649733516576501,0.624561723915665,0.878222171005222,0.928587683231331,0.835893091773914,0.87963502926115,0.778085011188374,0.874468124022884,0.840974033473213,0.777956055573096,0.866532935759113,0.848922507647393,0.768526297714568,0.812241184017442,0.603883754771514,0.469806436032053,0.847513824026548,0.8297932489987,0.620887889353437,0.698244436143264,0.853490352578311,0.872791820224953,0.67741969112306,0.465576272604559,0.980982417749431
"76",0.740539471643929,0.403228876626642,0.840767475653262,0.668184632608623,0.69939249615953,0.252541503125404,0.744077165886693,0.699004212880568,0.654773916827705,0.535935618356215,0.793261317112997,0.578046448736331,0.850219092908984,0.521037750051488,0.78110721843612,0.562581136832542,0.792132283110827,0.536711234355655,0.800570794053108,0.548142897741308,0.809626673595502,0.554462062408299,0.836813732966813,0.514346233900613,0.79106998945006,0.437665637906143,0.812768788832356,0.574101176247113,0.771718661530215,0.609451048783951,0.76964445615845,0.542727171142728,0.803236198627717,0.486288772195145,0.803203952784015,0.535699699709248,0.698157024486763,0.73341036272362,0.771128145380256,0.570814444813336,0.702773709867051,0.74948466218705,0.9299139900599
"77",0.629391448156367,0.538757595722601,0.665332841344384,0.565745617674161,0.673809056886962,0.603847689492238,0.728452763273788,0.621025903562658,0.661410059137066,0.640251923770581,0.736136823443291,0.589195462028379,0.689838357017995,0.713761499385148,0.687530970561695,0.578262369485275,0.59923784006596,0.70198216049271,0.676349497937418,0.563593483729209,0.651281686410357,0.571005456695217,0.659521411587227,0.591242796816389,0.565764824932494,0.521694059546155,0.702896669979475,0.621679523745452,0.707536848993412,0.630630309531312,0.69324759128116,0.586725739013825,0.713752152170968,0.649034101247743,0.712122799624774,0.638003283395467,0.652152241395196,0.553793848983051,0.682457832032131,0.64835492213832,0.691440837781549,0.684979422390825,0.90898167161523
"78",0.890925403942733,0.87415817120963,0.807584743766797,0.892463299058541,0.79881507078079,0.805679770946586,0.920689695483408,0.927490247208834,0.844442655580466,0.872749167132604,0.907184728809251,0.890146710241662,0.791899827997886,0.770741054189037,0.928997225061447,0.907179341455697,0.888212612685087,0.938727397730676,0.87135849402721,0.814997000048086,0.821869254480489,0.904185713593092,0.903516201809483,0.87161330408143,0.86430455711799,0.889064333229113,0.574298623412325,0.419648015375949,0.853830422061239,0.879199069708549,0.858555941394899,0.937777715173304,0.842709831677945,0.910456728742801,0.860885955436508,0.84463177679491,0.630275126243953,0.647517794535682,0.813948786443017,0.797566715074501,0.664737548655822,0.493964615206334,0.969088088859906
"79",0.569941081853477,0.413024292174511,0.672465019849476,0.579157905757001,0.784360833183793,0.709697411229512,0.79136182049395,0.822258271441648,0.625817428344288,0.503271479810646,0.70543980751806,0.550991212666683,0.727319772193531,0.696513860648629,0.677169241176231,0.505444579054239,0.597787044631927,0.444790063761708,0.788966284201852,0.680957684495548,0.669098403916881,0.594007468081201,0.767979682893498,0.733476648495998,0.760361928543666,0.701885782989714,0.629194508378925,0.473372591531396,0.741993115779345,0.641253999705186,0.814460806337113,0.704570625608564,0.773164730772838,0.719404986221931,0.683435147488512,0.641720671085235,0.771870439331822,0.615596350598175,0.781742019252348,0.718441084218861,0.657536431918183,0.517347099834919,0.972416009252332
"80",0.675187975713286,0.717704488949667,0.77255879830972,0.59107037537679,0.787146509493557,0.70578086517968,0.729756745398189,0.727911524620095,0.761045646228253,0.777347763302456,0.765119107736705,0.714944571580844,0.779765064126002,0.731101337345418,0.822265717656329,0.811989431403293,0.723073981801678,0.723505817318795,0.729808175561994,0.725364162238302,0.820109610766437,0.644663257775414,0.748042401382243,0.703124579223963,0.684390369370173,0.719601242544833,0.759558189078903,0.703281213853845,0.630379476941383,0.615486161244921,0.732164084885158,0.73365913043849,0.753381091419031,0.747590248670278,0.771992437231109,0.760169144078679,0.748194524333326,0.741541549350411,0.658349462331802,0.755587953097471,0.717774995081485,0.712774712414207,0.89452889925131
"81",0.631543333879429,0.507266670768571,0.869372771689357,0.72350939219558,0.757317519805958,0.601057099672038,0.753048178000971,0.529362449598136,0.748217577382852,0.598005547977489,0.795624351711416,0.721243028746809,0.793345293169528,0.656936390815905,0.817789559818754,0.697245124041691,0.70907197966161,0.570840950173091,0.781056033247391,0.753958925908624,0.812681760841843,0.580800702680023,0.756553112219559,0.631064050298449,0.744757936389388,0.585043407194282,0.794989000034537,0.62498453755976,0.739483145799394,0.675551930230517,0.628874969541799,0.586453542073494,0.797121293799043,0.649528154725068,0.811415430386729,0.751953198694957,0.74043749479064,0.573113033266706,0.807232807645458,0.607717158841061,0.4114170372712,0.719945841049432,0.893960644069771
"82",0.853988646797811,0.778584089231246,0.766167946363524,0.732860119134034,0.792284628677662,0.588222396307113,0.905623139253448,0.838475753810582,0.834321914586931,0.82884615290845,0.796514167342733,0.78316993858071,0.862105580621394,0.843721769609989,0.783598185612616,0.597223663192723,0.889089764031982,0.909412227611307,0.547709532091508,0.585077452949069,0.89378648254557,0.868892171153706,0.798734252084217,0.735097779804155,0.897892909667869,0.871592723774919,0.449925053874791,0.123943915731753,0.798402704005326,0.760078681418636,0.894362506692742,0.915940821140382,0.85700929573743,0.76553401530692,0.827843463678107,0.80317899622681,0.849804723596679,0.79271681137047,0.791832036410226,0.814794728332996,0.674125821293813,0.650069601916922,0.870755874058325
"83",0.797022797978979,0.618070372295602,0.853887010622111,0.616539962148476,0.799283256578789,0.626505771927798,0.877708285113536,0.733671410805221,0.810351630064214,0.683685140637762,0.806125273210953,0.637738515845061,0.78836135523671,0.232854984032231,0.826187336021674,0.672196945968122,0.894589452003879,0.753158604005317,0.834330498428671,0.676451604909582,0.810740011606577,0.66038464521132,0.761299430468047,0.818152055559944,0.715553927250144,0.582500029785565,0.818529192181012,0.680195557410924,0.873982176602214,0.733976000948897,0.785908721465039,0.704786856936804,0.838324114679933,0.81126836314625,0.821791507524302,0.711159323605804,0.472703354462008,0.51838993653582,0.821142608819824,0.675909096025491,0.64214590120639,0.693878298890702,0.885630667494501
"84",0.871154016379402,0.91551576991033,0.878814114960024,0.90790750150035,0.844931549815085,0.809154074981113,0.892782541202758,0.924661969226436,0.90717593205134,0.935232968883532,0.59981873148831,0.515207819364782,0.842594231491233,0.767776763994857,0.878960804302183,0.911617373230819,0.846707075352168,0.583228224145448,0.901255313122591,0.93247733760783,0.89806248479679,0.965523250780035,0.869320346471208,0.81958232436149,0.911871196678135,0.964292939976769,0.724611585126166,0.63436469121277,0.340907086788181,0.285032282174047,0.887567808106036,0.927948286005831,0.906753577820173,0.975370951085658,0.854528195186094,0.892405266966436,0.882860689224619,0.939457403630404,0.886949727831781,0.919493221581047,0.689105710251175,0.682158289548113,0.913216002568913
"85",0.787858704092032,0.672491315955415,0.804767806111412,0.743758211806616,0.809189107716511,0.809261738227929,0.789413180397115,0.716564771073398,0.805610067347886,0.73771328106258,0.842675959732086,0.798072184336464,0.82067468550445,0.747616560205157,0.742999229370098,0.807402256150384,0.789351709342658,0.760722844474623,0.895310529861913,0.8365904917472,0.600528255568679,0.747669733962068,0.791776260540837,0.681685797387555,0.798874491918065,0.766261733156209,0.783980540092131,0.749198298218621,0.811635181058479,0.774676286399739,0.789782105230808,0.698672399474923,0.797008167481486,0.722660579396277,0.810662529118421,0.783205144302362,0.785137388964682,0.679204031932422,0.771819148364012,0.73545376436246,0.263689899686328,0.234736296245015,0.908420167285618
"86",0.908754089067459,0.892858814064699,0.658309606490129,0.586162746810835,0.94304663310177,0.925632535844747,0.847134942019718,0.866940361788519,0.949666088503506,0.927732756514872,0.916913368250796,0.904357567343846,0.932609385200803,0.918018489677484,0.799278528845876,0.849676294748573,0.884437226921387,0.884869633320392,0.8384089142992,0.832819254692,0.884618061808392,0.737886457556646,0.883607460306073,0.869516080295937,0.943879162303337,0.936281995781395,0.510326385895995,0.53648211550486,0.923734964751384,0.898275998004434,0.767900029453589,0.813926892488953,0.933490288043612,0.932505755588769,0.948969829739817,0.894672241603298,0.948585501460788,0.90755450313051,0.85950499741746,0.875381491165778,0.601612159616496,0.54426137185011,0.903294029922389
"87",0.805691696337077,0.961150447148398,0.88882832580593,0.41396700701945,0.0318070363596562,0.0137376179527201,0.834722207207878,0.8365500017739,0.83843219113844,0.920872214921863,0.879755841659615,0.864497526843051,0.747621160906997,0.782643419992785,0.828165933425051,0.839758677803333,0.836520735563339,0.938846315108332,0.833853890162953,0.936385022129296,0.835989685171332,0.745515063856985,0.858154550252264,0.915074076147403,0.857429552876026,0.972275999279834,0.873555415090705,0.865613632399553,0.744109301568358,0.641365576835225,0.843189064922946,0.952575272518082,0.83895385297475,0.9573850733519,0.850584933090399,0.969504832264533,0.874664538537891,0.973936287074678,0.814853610039072,0.894077115713961,0.660971716407906,0.63723406579474,0.911157714395772
"88",0.869267962602147,0.527081377498778,0.750761809078374,0.693812988145012,0.47292878824996,0.326827975145221,0.879396846161563,0.74891052857594,0.822217303212559,0.567332589627202,0.819169850365603,0.772891855949347,0.901824525908092,0.788879348607021,0.862705024635599,0.640869188091818,0.742768101794685,0.772003018089591,0.834558825508772,0.562529024790474,0.878313940779232,0.687230872071567,0.748189322790962,0.603918504876018,0.817906403307962,0.659539278082562,0.83258840814398,0.638199380501982,0.906858919763858,0.700753976254191,0.910065173066375,0.673932868630464,0.883700058147989,0.715370888395954,0.893435479321715,0.545753073160927,0.888522407030044,0.711263170624325,0.930934413046609,0.668849176932633,0.55348503282937,0.726456440618917,0.982014568771255
"89",0.718198791197363,0.805618961361683,0.626540536118431,0.546903307088569,0.776842079173361,0.78899625729489,0.730991359076337,0.839899345799763,0.437570949704556,0.322681900469072,0.739184205295038,0.836325513644555,0.805267471802385,0.883977225792585,0.799902559239407,0.87689737308989,0.805353309032265,0.733796280726647,0.781811243893252,0.759686159654068,0.719355599541408,0.818792635612333,0.775512706027844,0.843240060762561,0.779057359568876,0.907767710039886,0.643412809820291,0.603801245501658,0.78408191838142,0.827618939718259,0.738386308779377,0.810444651956147,0.756225627465112,0.846088600919505,0.640302343762268,0.664071539355654,0.203766989823361,0.499510860712714,0.740397805050904,0.874069797115081,0.610206351142493,0.344049478069968,0.811362224348012
"90",0.82826155520061,0.89453998752139,0.883479095138301,0.911302334315838,0.861548002628407,0.811008143401202,0.770125990130902,0.870598793284534,0.891978793993464,0.88761273485474,0.618356684333818,0.625623581483247,0.846603422927056,0.848188838224408,0.86034824974455,0.905238933707988,0.84691615303596,0.893661317456026,0.728078053954719,0.657287976919105,0.81830468235733,0.701756746385017,0.856796517114076,0.914280492492556,0.771049775309771,0.789260272599866,0.727982768089112,0.494123065156472,0.880527728150349,0.923427067842,0.881829866326202,0.931877495584336,0.868980915986749,0.938874717783544,0.793981772344173,0.38038761410386,0.840705837207921,0.843152782266664,0.805421515941229,0.769072841013797,0.504159960398704,0.693050623243632,0.903644474311968
"91",0.736799409771961,0.755827632473282,0.775056118858749,0.806855914314771,0.746645728471769,0.759693565443526,0.835937565683796,0.778901344676505,0.80532533688004,0.770108799091379,0.830815162358804,0.734069275854875,0.774732179718018,0.769986654686196,0.853085045900913,0.812233827449979,0.795349804762295,0.819556100008647,0.800829029847735,0.575943857082489,0.784796777860215,0.777775356783099,0.789100601702284,0.790897265758252,0.812834498705046,0.828927518078512,0.771140576065316,0.741594404380045,0.765238899757804,0.77485671560936,0.494286768154819,0.5075894735085,0.824292861733741,0.773736552816632,0.477331887534652,0.362708233100046,0.771384625172066,0.776840010566576,0.904550011763827,0.816110977999659,0.680468136997498,0.484975776538524,0.896322857045411
"92",0.889377847137104,0.895520414244395,0.894070079058373,0.898611942596754,0.886563869031536,0.914685487567461,0.876568814084158,0.881962822717931,0.499510883028407,0.499510911087364,0.84406698117935,0.73148076859823,0.912801963427308,0.913464876140504,0.87147222130165,0.909984933335979,0.86307290343961,0.874243487650871,0.789933043311719,0.805458333620438,0.892224483344304,0.901746449621965,0.90448701768278,0.911513282822354,0.899771094854786,0.927938113725095,0.909194898768071,0.911860359794527,0.89212303103629,0.885489517127988,0.85648265216245,0.853906945191858,0.918878334218345,0.9046632061972,0.889414940749556,0.725802600395093,0.903930503042507,0.892700190816552,0.673782327184495,0.736095688418445,0.668062516398528,0.47487399060128,0.983383216147535
"93",0.897492129006747,0.833334674247399,0.789623966668655,0.760017057119769,0.715235392732797,0.741546932857687,0.880219980629954,0.765854033375453,0.915245070055188,0.795444242879636,0.87828625836288,0.805636415334259,0.81161192365605,0.765787188727939,0.920511511022456,0.883794349757182,0.794305669318662,0.82135289884683,0.896620666646713,0.850501807866909,0.69760420256825,0.837160171125817,0.900659838550408,0.833822043955147,0.928334624373853,0.847652017468444,0.887709451346068,0.720885765454955,0.808206629956744,0.758393932038545,0.93577154184638,0.894779793528873,0.897075391823889,0.891167902501844,0.895813727689728,0.859172536059839,0.684807659156238,0.687750624721153,0.850087587824571,0.7454625109309,0.666912803338595,0.644693970377523,0.966679182307489
"94",0.868043771868378,0.858906167550264,0.902610733107262,0.875297578885463,0.8859247181757,0.747659213862385,0.899719167669718,0.918510329196175,0.787560656373998,0.87632816534543,0.735487209695808,0.683888500700185,0.913847403064938,0.869411945136586,0.848385832628245,0.635664037655038,0.762559263446491,0.841568690239437,0.897365643970102,0.918138702591463,0.816798969019318,0.872537750720282,0.806136828518018,0.834902845927608,0.774934550028939,0.646775716236969,0.91653897605944,0.911158399849534,0.908786351193644,0.904287964629351,0.809595866827408,0.401749238514714,0.843437750370677,0.741266764758075,0.856398917055729,0.897784604989604,0.878567825623993,0.799878604550043,0.860869034041262,0.81897443176088,0.412735672592664,0.723759320994856,0.983038703192011
"95",0.756533845821598,0.774827738785347,0.787058674515582,0.81937321862271,0.801775911554794,0.800439510909969,0.813295273577497,0.816541979505128,0.814342911597194,0.86250862436241,0.695219188700169,0.715852341774083,0.820887091483925,0.85159618624111,0.800006417451732,0.812120594792683,0.779511864691056,0.747081219069137,0.5346115607721,0.452504546347436,0.794819573932672,0.799664937892204,0.829186435981169,0.886465076003191,0.809907751952965,0.895137336247205,0.722039908295302,0.816528882706957,0.811490915971972,0.826338937502033,0.878628343549659,0.791443806214643,0.800488787524766,0.951977990645228,0.73223506803984,0.868466575634286,0.813843882955101,0.863346095641291,0.722480592738949,0.717038940958249,0.42017626262669,0.34223634702156,0.987379549059604
"96",0.813469526887311,0.810823761604104,0.896136547935738,0.764988179238375,0.870349277751069,0.799595781714405,0.852234082807912,0.837345372731121,0.826488151754967,0.761275506250872,0.772117056896562,0.841144862465538,0.862554602593065,0.835093482628596,0.816409857789761,0.731257592993638,0.851755047249526,0.81702939673351,0.831832776626707,0.827348862703846,0.889095964928438,0.852470096040874,0.901034699465839,0.758681567462925,0.827926517838358,0.774271311330726,0.878798617641129,0.828034480608131,0.841369379443967,0.547192786018245,0.865344154625717,0.832896266228103,0.761168215253471,0.623973140008958,0.839518977912994,0.779670346405816,0.837713499899278,0.833490529015693,0.907359171813795,0.814855414852329,0.70614660037815,0.690398321320288,0.924896194372717
"97",0.560094216519618,0.413878609646292,0.761225019119554,0.690765579157643,0.681664336683495,0.48826564289254,0.666900252845104,0.531565320979767,0.704589758966687,0.656789675108845,0.568599313624697,0.437557489177893,0.632021172834732,0.518968674714703,0.685087932721095,0.605474230555722,0.614394110755959,0.547277284728194,0.606939279859749,0.47199701545428,0.641401209498188,0.504709083770656,0.782871298183861,0.596446231630069,0.622621095688317,0.446917249573792,0.589124336254802,0.526555884335222,0.621655577989164,0.470519360051514,0.598983907233343,0.457398044904191,0.581590917838705,0.481964914086804,0.67212061137707,0.49308998915666,0.647644208224959,0.450442443961934,0.683396692697833,0.586490567859277,0.684294896089594,0.591841346815978,0.873652672177293
"98",0.671619212513104,0.648979976739221,0.714479830588685,0.602927090230197,0.787050298597974,0.765603212618976,0.734157891706796,0.707444523572011,0.737650578850881,0.669772740288216,0.746093669640459,0.711277624155507,0.695552403920488,0.580164720037344,0.699313796952455,0.670410359534733,0.758199082954242,0.722358254933028,0.668670840631343,0.658495513303781,0.823038153895501,0.735086244659555,0.754273039751145,0.763877758481943,0.806079820365135,0.890101040405481,0.718000045115209,0.689022682722769,0.786646121436472,0.781592750826169,0.735670154254247,0.70809032656854,0.809745389819764,0.773028780655061,0.687295359067097,0.65253158263911,0.791037829435015,0.770588530011233,0.751805230651242,0.660758028985107,0.722329999024729,0.691436143072093,0.916686416461554
"99",0.698434854869616,0.671592761635274,0.744660422716336,0.671748153560303,0.769167749688739,0.678520336870166,0.711958683831824,0.654100687204499,0.5919107351965,0.563471063328333,0.676225758625944,0.527444237230206,0.769335136737703,0.738753699180232,0.767760515044329,0.7362604530774,0.600057224259812,0.790097166263717,0.774407173803799,0.686779992525058,0.815210054034608,0.723022518042191,0.719462160131162,0.674825090030354,0.765910144977204,0.709079740453713,0.725254763330133,0.683595112188333,0.748296129833623,0.726350615507336,0.732800266900373,0.6740895957782,0.765307652968963,0.716498622048939,0.71195727150529,0.676047064393517,0.762486868660122,0.701863982588043,0.772606681410785,0.610812228249238,0.634449630634835,0.601542430654987,0.854942473773901
"100",0.741087055620038,0.785218740314323,0.756942693455508,0.693851932408554,0.802649671887732,0.822993210761683,0.815823656782405,0.83173486380536,0.813756787681072,0.814390839240596,0.829173219048055,0.816616603276993,0.789980901013962,0.853714286479939,0.808382330246371,0.80330992637305,0.771976938683958,0.774803734897573,0.881648348977781,0.838635719422152,0.82355994175507,0.820729441972418,0.829574418232301,0.81602185339778,0.843786838244304,0.681147635610538,0.836862538338817,0.803132850563069,0.430154549388883,0.0447548688521548,0.831938995142826,0.841503958589731,0.848713455822397,0.797616275838015,0.809575130276898,0.799073244876487,0.635108296927502,0.727949782753776,0.761532650672453,0.739589867625881,0.67304698973458,0.677120582674078,0.827490089956947
